"Workout #";"Date";"Workout Name";"Duration (sec)";"Exercise Name";"Set Order";"Weight (kg)";"Reps";"RPE";"Distance (meters)";"Seconds";"Notes";"Workout Notes"
"1";"2023-07-14 19:31:01";"Workout A #1406";"82";"Clean and Jerk (Barbell)";"1";"50.0";"3";"";"";"";"";""
"1";"2023-07-14 19:31:01";"Workout A #1406";"82";"Deadlift (Barbell)";"1";"90.0";"5";"";"";"";"";""
"1";"2023-07-14 19:31:01";"Workout A #1406";"82";"Deadlift (Barbell)";"2";"130.0";"3";"";"";"";"";""
"1";"2023-07-14 19:31:01";"Workout A #1406";"82";"Deadlift (Barbell)";"3";"130.0";"2";"";"";"";"";""
"1";"2023-07-14 19:31:01";"Workout A #1406";"82";"Overhead Press (Barbell)";"1";"50.0";"5";"";"";"";"";""
"1";"2023-07-14 19:31:01";"Workout A #1406";"82";"Overhead Press (Barbell)";"2";"50.0";"4";"";"";"";"";""
"1";"2023-07-14 19:31:01";"Workout A #1406";"82";"Overhead Press (Barbell)";"3";"50.0";"5";"";"";"";"";""
"1";"2023-07-14 19:31:01";"Workout A #1406";"82";"Pull Up";"1";"0.0";"5";"";"";"";"";""
"1";"2023-07-14 19:31:01";"Workout A #1406";"82";"Pull Up";"2";"0.0";"5";"";"";"";"";""
"1";"2023-07-14 19:31:01";"Workout A #1406";"82";"Pull Up";"3";"0.0";"5";"";"";"";"";""
"2";"2023-07-14 21:18:31";"Workout #1407";"1692";"Front Squat (Barbell)";"1";"50.0";"5";"";"";"";"";"pluie"
"2";"2023-07-14 21:18:31";"Workout #1407";"1692";"Push Up";"1";"0.0";"10";"";"";"";"";"pluie"
"2";"2023-07-14 21:18:31";"Workout #1407";"1692";"Push Up";"2";"0.0";"10";"";"";"";"";"pluie"
"2";"2023-07-14 21:18:31";"Workout #1407";"1692";"Push Up";"3";"0.0";"10";"";"";"";"";"pluie"
"2";"2023-07-14 21:18:31";"Workout #1407";"1692";"Push Up";"4";"0.0";"10";"";"";"";"";"pluie"
"2";"2023-07-14 21:18:31";"Workout #1407";"1692";"Push Up";"5";"0.0";"5";"";"";"";"";"pluie"
"2";"2023-07-14 21:18:31";"Workout #1407";"1692";"Push Up";"6";"0.0";"5";"";"";"";"";"pluie"
"2";"2023-07-14 21:18:31";"Workout #1407";"1692";"Squat (Bodyweight)";"1";"0.0";"10";"";"";"";"";"pluie"
"2";"2023-07-14 21:18:31";"Workout #1407";"1692";"Squat (Bodyweight)";"2";"0.0";"10";"";"";"";"";"pluie"
"2";"2023-07-14 21:18:31";"Workout #1407";"1692";"Squat (Bodyweight)";"3";"0.0";"10";"";"";"";"";"pluie"
"2";"2023-07-14 21:18:31";"Workout #1407";"1692";"Squat (Bodyweight)";"4";"0.0";"10";"";"";"";"";"pluie"
"2";"2023-07-14 21:18:31";"Workout #1407";"1692";"Squat (Bodyweight)";"5";"0.0";"10";"";"";"";"";"pluie"
"2";"2023-07-14 21:18:31";"Workout #1407";"1692";"Squat (Bodyweight)";"6";"0.0";"10";"";"";"";"";"pluie"
"2";"2023-07-14 21:18:31";"Workout #1407";"1692";"Chin Up";"1";"0.0";"10";"";"";"";"";"pluie"
"2";"2023-07-14 21:18:31";"Workout #1407";"1692";"Chin Up";"2";"0.0";"10";"";"";"";"";"pluie"
"2";"2023-07-14 21:18:31";"Workout #1407";"1692";"Chin Up";"3";"0.0";"8";"";"";"";"";"pluie"
"2";"2023-07-14 21:18:31";"Workout #1407";"1692";"Chin Up";"4";"0.0";"5";"";"";"";"";"pluie"
"2";"2023-07-14 21:18:31";"Workout #1407";"1692";"Chin Up";"5";"0.0";"3";"";"";"";"";"pluie"
"2";"2023-07-14 21:18:31";"Workout #1407";"1692";"Chin Up";"6";"0.0";"3";"";"";"";"";"pluie"
"3";"2023-07-16 13:32:29";"Workout A #1408";"2528";"Clean and Jerk (Barbell)";"1";"50.0";"3";"";"";"";"";""
"3";"2023-07-16 13:32:29";"Workout A #1408";"2528";"Deadlift (Barbell)";"1";"90.0";"5";"";"";"";"";""
"3";"2023-07-16 13:32:29";"Workout A #1408";"2528";"Deadlift (Barbell)";"2";"130.0";"3";"";"";"";"";""
"3";"2023-07-16 13:32:29";"Workout A #1408";"2528";"Deadlift (Barbell)";"3";"140.0";"1";"";"";"";"";""
"3";"2023-07-16 13:32:29";"Workout A #1408";"2528";"Overhead Press (Barbell)";"1";"50.0";"5";"";"";"";"";""
"3";"2023-07-16 13:32:29";"Workout A #1408";"2528";"Overhead Press (Barbell)";"2";"50.0";"2";"";"";"";"";""
"3";"2023-07-16 13:32:29";"Workout A #1408";"2528";"Overhead Press (Barbell)";"3";"50.0";"1";"";"";"";"";""
"3";"2023-07-16 13:32:29";"Workout A #1408";"2528";"Pull Up";"1";"0.0";"5";"";"";"";"";""
"3";"2023-07-16 13:32:29";"Workout A #1408";"2528";"Pull Up";"2";"0.0";"5";"";"";"";"";""
"3";"2023-07-16 13:32:29";"Workout A #1408";"2528";"Pull Up";"3";"0.0";"4";"";"";"";"";""
"3";"2023-07-16 13:32:29";"Workout A #1408";"2528";"Bicep Curl (Barbell)";"1";"20.0";"15";"";"";"";"";""
"4";"2023-07-19 21:30:51";"Workout B #1409";"1742";"Squat (Barbell)";"W";"50.0";"5";"";"";"";"";""
"4";"2023-07-19 21:30:51";"Workout B #1409";"1742";"Squat (Barbell)";"1";"90.0";"5";"";"";"";"";""
"4";"2023-07-19 21:30:51";"Workout B #1409";"1742";"Squat (Barbell)";"2";"100.0";"5";"";"";"";"";""
"4";"2023-07-19 21:30:51";"Workout B #1409";"1742";"Squat (Barbell)";"3";"100.0";"5";"";"";"";"";""
"4";"2023-07-19 21:30:51";"Workout B #1409";"1742";"Bench Press (Barbell)";"W";"50.0";"5";"";"";"";"";""
"4";"2023-07-19 21:30:51";"Workout B #1409";"1742";"Bench Press (Barbell)";"1";"70.0";"5";"";"";"";"";""
"4";"2023-07-19 21:30:51";"Workout B #1409";"1742";"Bench Press (Barbell)";"2";"90.0";"2";"";"";"";"";""
"4";"2023-07-19 21:30:51";"Workout B #1409";"1742";"Bench Press (Barbell)";"3";"50.0";"10";"";"";"";"";""
"4";"2023-07-19 21:30:51";"Workout B #1409";"1742";"Bench Press (Barbell)";"4";"50.0";"8";"";"";"";"";""
"4";"2023-07-19 21:30:51";"Workout B #1409";"1742";"Bent Over One Arm Row (Dumbbell)";"1";"32.0";"10";"";"";"";"";""
"4";"2023-07-19 21:30:51";"Workout B #1409";"1742";"Bent Over One Arm Row (Dumbbell)";"2";"32.0";"10";"";"";"";"";""
"5";"2023-08-26 19:40:38";"Random #1410";"1985";"Overhead Press (Barbell)";"1";"50.0";"5";"";"";"";"";""
"5";"2023-08-26 19:40:38";"Random #1410";"1985";"Overhead Press (Barbell)";"2";"50.0";"5";"";"";"";"";""
"5";"2023-08-26 19:40:38";"Random #1410";"1985";"Overhead Press (Barbell)";"3";"50.0";"5";"";"";"";"";""
"5";"2023-08-26 19:40:38";"Random #1410";"1985";"Bent Over Row (Barbell)";"1";"70.0";"5";"";"";"";"";""
"5";"2023-08-26 19:40:38";"Random #1410";"1985";"Bent Over Row (Barbell)";"2";"70.0";"5";"";"";"";"";""
"5";"2023-08-26 19:40:38";"Random #1410";"1985";"Bent Over Row (Barbell)";"3";"70.0";"5";"";"";"";"";""
"5";"2023-08-26 19:40:38";"Random #1410";"1985";"Bicep Curl (Barbell)";"1";"30.0";"12";"";"";"";"";""
"5";"2023-08-26 19:40:38";"Random #1410";"1985";"Bicep Curl (Barbell)";"2";"30.0";"12";"";"";"";"";""
"5";"2023-08-26 19:40:38";"Random #1410";"1985";"Bicep Curl (Barbell)";"3";"30.0";"12";"";"";"";"";""
"6";"2024-01-21 16:58:00";"Afternoon Workout";"3803";"Deadlift (Barbell)";"1";"50.0";"10";"";"";"";"";""
"6";"2024-01-21 16:58:00";"Afternoon Workout";"3803";"Deadlift (Barbell)";"2";"90.0";"5";"";"";"";"";""
"6";"2024-01-21 16:58:00";"Afternoon Workout";"3803";"Deadlift (Barbell)";"3";"130.0";"1";"";"";"";"";""
"6";"2024-01-21 16:58:00";"Afternoon Workout";"3803";"Deadlift (Barbell)";"4";"150.0";"1";"";"";"";"";""
"6";"2024-01-21 16:58:00";"Afternoon Workout";"3803";"Deadlift (Barbell)";"5";"170.0";"1";"";"";"";"";""
"6";"2024-01-21 16:58:00";"Afternoon Workout";"3803";"Deadlift (Barbell)";"6";"180.0";"1";"";"";"";"";""
"6";"2024-01-21 16:58:00";"Afternoon Workout";"3803";"Overhead Press (Barbell)";"1";"50.0";"5";"";"";"";"";""
"6";"2024-01-21 16:58:00";"Afternoon Workout";"3803";"Overhead Press (Barbell)";"2";"60.0";"1";"";"";"";"";""
"6";"2024-01-21 16:58:00";"Afternoon Workout";"3803";"Squat (Barbell)";"1";"50.0";"3";"";"";"";"";""
"6";"2024-01-21 16:58:00";"Afternoon Workout";"3803";"Squat (Barbell)";"2";"110.0";"1";"";"";"";"";""
"6";"2024-01-21 16:58:00";"Afternoon Workout";"3803";"Squat (Barbell)";"3";"120.0";"1";"";"";"";"";""
"6";"2024-01-21 16:58:00";"Afternoon Workout";"3803";"Squat (Barbell)";"4";"130.0";"1";"";"";"";"";""
"7";"2024-01-24 17:18:10";"Strength";"2329";"Snatch Pull (Barbell)";"W";"50.0";"5";"";"";"";"";""
"7";"2024-01-24 17:18:10";"Strength";"2329";"Snatch Pull (Barbell)";"1";"90.0";"5";"";"";"";"";""
"7";"2024-01-24 17:18:10";"Strength";"2329";"Snatch Pull (Barbell)";"2";"100.0";"5";"";"";"";"";""
"7";"2024-01-24 17:18:10";"Strength";"2329";"Snatch Pull (Barbell)";"3";"100.0";"5";"";"";"";"";""
"7";"2024-01-24 17:18:10";"Strength";"2329";"Snatch Pull (Barbell)";"4";"100.0";"5";"";"";"";"";""
"7";"2024-01-24 17:18:10";"Strength";"2329";"Snatch Pull (Barbell)";"5";"100.0";"5";"";"";"";"";""
"7";"2024-01-24 17:18:10";"Strength";"2329";"Overhead Press (Barbell)";"1";"50.0";"5";"";"";"";"";""
"7";"2024-01-24 17:18:10";"Strength";"2329";"Overhead Press (Barbell)";"2";"50.0";"5";"";"";"";"";""
"7";"2024-01-24 17:18:10";"Strength";"2329";"Overhead Press (Barbell)";"3";"50.0";"5";"";"";"";"";""
"7";"2024-01-24 17:18:10";"Strength";"2329";"Overhead Press (Barbell)";"4";"50.0";"4";"";"";"";"";""
"7";"2024-01-24 17:18:10";"Strength";"2329";"Overhead Press (Barbell)";"5";"50.0";"3";"";"";"";"";""
"7";"2024-01-24 17:18:10";"Strength";"2329";"Front Squat (Barbell)";"W";"50.0";"5";"";"";"";"";""
"7";"2024-01-24 17:18:10";"Strength";"2329";"Front Squat (Barbell)";"1";"70.0";"5";"";"";"";"";""
"7";"2024-01-24 17:18:10";"Strength";"2329";"Front Squat (Barbell)";"2";"70.0";"5";"";"";"";"";""
"7";"2024-01-24 17:18:10";"Strength";"2329";"Front Squat (Barbell)";"3";"70.0";"5";"";"";"";"";""
"7";"2024-01-24 17:18:10";"Strength";"2329";"Front Squat (Barbell)";"4";"70.0";"5";"";"";"";"";""
"7";"2024-01-24 17:18:10";"Strength";"2329";"Front Squat (Barbell)";"5";"70.0";"5";"";"";"";"";""
"8";"2024-01-28 12:21:00";"Fighter Pullup Challenge #1";"3600";"Pull Up";"1";"0.0";"5";"";"";"";"";""
"8";"2024-01-28 12:21:00";"Fighter Pullup Challenge #1";"3600";"Pull Up";"2";"0.0";"5";"";"";"";"";""
"8";"2024-01-28 12:21:00";"Fighter Pullup Challenge #1";"3600";"Pull Up";"3";"0.0";"5";"";"";"";"";""
"8";"2024-01-28 12:21:00";"Fighter Pullup Challenge #1";"3600";"Pull Up";"4";"0.0";"5";"";"";"";"";""
"8";"2024-01-28 12:21:00";"Fighter Pullup Challenge #1";"3600";"Pull Up";"5";"0.0";"5";"";"";"";"";""
"9";"2024-01-29 12:30:00";"Fighter Pullup Challenge #2";"3600";"Pull Up";"1";"0.0";"6";"";"";"";"";""
"9";"2024-01-29 12:30:00";"Fighter Pullup Challenge #2";"3600";"Pull Up";"2";"0.0";"5";"";"";"";"";""
"9";"2024-01-29 12:30:00";"Fighter Pullup Challenge #2";"3600";"Pull Up";"3";"0.0";"5";"";"";"";"";""
"9";"2024-01-29 12:30:00";"Fighter Pullup Challenge #2";"3600";"Pull Up";"4";"0.0";"5";"";"";"";"";""
"9";"2024-01-29 12:30:00";"Fighter Pullup Challenge #2";"3600";"Pull Up";"5";"0.0";"5";"";"";"";"";""
"10";"2024-01-29 19:16:55";"Strength 24";"2265";"Front Squat (Barbell)";"1";"74.0";"5";"";"";"";"";""
"10";"2024-01-29 19:16:55";"Strength 24";"2265";"Front Squat (Barbell)";"2";"74.0";"5";"";"";"";"";""
"10";"2024-01-29 19:16:55";"Strength 24";"2265";"Front Squat (Barbell)";"3";"74.0";"5";"";"";"";"";""
"10";"2024-01-29 19:16:55";"Strength 24";"2265";"Front Squat (Barbell)";"4";"74.0";"5";"";"";"";"";""
"10";"2024-01-29 19:16:55";"Strength 24";"2265";"Front Squat (Barbell)";"5";"74.0";"5";"";"";"";"";""
"10";"2024-01-29 19:16:55";"Strength 24";"2265";"Overhead Press (Barbell)";"1";"52.0";"5";"";"";"";"";""
"10";"2024-01-29 19:16:55";"Strength 24";"2265";"Overhead Press (Barbell)";"2";"52.0";"5";"";"";"";"";""
"10";"2024-01-29 19:16:55";"Strength 24";"2265";"Overhead Press (Barbell)";"3";"52.0";"5";"";"";"";"";""
"10";"2024-01-29 19:16:55";"Strength 24";"2265";"Overhead Press (Barbell)";"4";"52.0";"4";"";"";"";"";""
"10";"2024-01-29 19:16:55";"Strength 24";"2265";"Overhead Press (Barbell)";"5";"52.0";"5";"";"";"";"";""
"10";"2024-01-29 19:16:55";"Strength 24";"2265";"Snatch Pull (Barbell)";"W";"52.0";"5";"";"";"";"";""
"10";"2024-01-29 19:16:55";"Strength 24";"2265";"Snatch Pull (Barbell)";"1";"104.0";"5";"";"";"";"";""
"10";"2024-01-29 19:16:55";"Strength 24";"2265";"Snatch Pull (Barbell)";"2";"104.0";"5";"";"";"";"";""
"10";"2024-01-29 19:16:55";"Strength 24";"2265";"Snatch Pull (Barbell)";"3";"104.0";"5";"";"";"";"";""
"10";"2024-01-29 19:16:55";"Strength 24";"2265";"Snatch Pull (Barbell)";"4";"104.0";"5";"";"";"";"";""
"10";"2024-01-29 19:16:55";"Strength 24";"2265";"Snatch Pull (Barbell)";"5";"104.0";"5";"";"";"";"";""
"11";"2024-01-30 12:31:00";"Fighter Pullup Challenge #3";"3600";"Pull Up";"1";"0.0";"6";"";"";"";"";""
"11";"2024-01-30 12:31:00";"Fighter Pullup Challenge #3";"3600";"Pull Up";"2";"0.0";"6";"";"";"";"";""
"11";"2024-01-30 12:31:00";"Fighter Pullup Challenge #3";"3600";"Pull Up";"3";"0.0";"5";"";"";"";"";""
"11";"2024-01-30 12:31:00";"Fighter Pullup Challenge #3";"3600";"Pull Up";"4";"0.0";"5";"";"";"";"";""
"11";"2024-01-30 12:31:00";"Fighter Pullup Challenge #3";"3600";"Pull Up";"5";"0.0";"5";"";"";"";"";""
"12";"2024-02-01 12:39:00";"Gripper #1";"3600";"Hand Gripper";"1";"45.0";"7";"";"";"";"";""
"12";"2024-02-01 12:39:00";"Gripper #1";"3600";"Hand Gripper";"2";"45.0";"10";"";"";"";"";""
"12";"2024-02-01 12:39:00";"Gripper #1";"3600";"Hand Gripper";"3";"45.0";"10";"";"";"";"";""
"12";"2024-02-01 12:39:00";"Gripper #1";"3600";"Hand Gripper";"4";"45.0";"10";"";"";"";"";""
"12";"2024-02-01 12:39:00";"Gripper #1";"3600";"Hand Gripper";"5";"45.0";"10";"";"";"";"";""
"13";"2024-02-04 12:01:15";"Strength 24";"5060";"Front Squat (Barbell)";"W";"50.0";"5";"";"";"";"";""
"13";"2024-02-04 12:01:15";"Strength 24";"5060";"Front Squat (Barbell)";"1";"68.0";"3";"";"";"";"";""
"13";"2024-02-04 12:01:15";"Strength 24";"5060";"Front Squat (Barbell)";"2";"78.0";"5";"";"";"";"";""
"13";"2024-02-04 12:01:15";"Strength 24";"5060";"Front Squat (Barbell)";"3";"78.0";"5";"";"";"";"";""
"13";"2024-02-04 12:01:15";"Strength 24";"5060";"Front Squat (Barbell)";"4";"78.0";"5";"";"";"";"";""
"13";"2024-02-04 12:01:15";"Strength 24";"5060";"Front Squat (Barbell)";"5";"78.0";"5";"";"";"";"";""
"13";"2024-02-04 12:01:15";"Strength 24";"5060";"Front Squat (Barbell)";"6";"78.0";"5";"";"";"";"";""
"13";"2024-02-04 12:01:15";"Strength 24";"5060";"Overhead Press (Barbell)";"1";"54.0";"5";"";"";"";"";""
"13";"2024-02-04 12:01:15";"Strength 24";"5060";"Overhead Press (Barbell)";"2";"54.0";"5";"";"";"";"";""
"13";"2024-02-04 12:01:15";"Strength 24";"5060";"Overhead Press (Barbell)";"3";"54.0";"5";"";"";"";"";""
"13";"2024-02-04 12:01:15";"Strength 24";"5060";"Overhead Press (Barbell)";"4";"54.0";"5";"";"";"";"";""
"13";"2024-02-04 12:01:15";"Strength 24";"5060";"Overhead Press (Barbell)";"5";"54.0";"5";"";"";"";"";""
"13";"2024-02-04 12:01:15";"Strength 24";"5060";"Snatch Pull (Barbell)";"W";"68.0";"7";"";"";"";"";""
"13";"2024-02-04 12:01:15";"Strength 24";"5060";"Snatch Pull (Barbell)";"1";"108.0";"5";"";"";"";"";""
"13";"2024-02-04 12:01:15";"Strength 24";"5060";"Snatch Pull (Barbell)";"2";"108.0";"5";"";"";"";"";""
"13";"2024-02-04 12:01:15";"Strength 24";"5060";"Snatch Pull (Barbell)";"3";"108.0";"5";"";"";"";"";""
"13";"2024-02-04 12:01:15";"Strength 24";"5060";"Snatch Pull (Barbell)";"4";"108.0";"5";"";"";"";"";""
"13";"2024-02-04 12:01:15";"Strength 24";"5060";"Snatch Pull (Barbell)";"5";"108.0";"5";"";"";"";"";""
"13";"2024-02-04 12:01:15";"Strength 24";"5060";"Bench Press (Barbell)";"1";"50.0";"20";"";"";"";"";""
"13";"2024-02-04 12:01:15";"Strength 24";"5060";"Bench Press (Barbell)";"2";"50.0";"20";"";"";"";"";""
"13";"2024-02-04 12:01:15";"Strength 24";"5060";"Bench Press (Barbell)";"3";"50.0";"8";"";"";"";"";""
"13";"2024-02-04 12:01:15";"Strength 24";"5060";"Bicep Curl (Barbell)";"W";"21.0";"10";"";"";"";"";""
"13";"2024-02-04 12:01:15";"Strength 24";"5060";"Bicep Curl (Barbell)";"1";"31.0";"12";"";"";"";"";""
"13";"2024-02-04 12:01:15";"Strength 24";"5060";"Bicep Curl (Barbell)";"2";"31.0";"8";"";"";"";"";""
"13";"2024-02-04 12:01:15";"Strength 24";"5060";"Bicep Curl (Barbell)";"3";"31.0";"8";"";"";"";"";""
"14";"2024-02-04 12:41:00";"Gripper #2";"3600";"Hand Gripper";"1";"45.0";"10";"";"";"";"";""
"14";"2024-02-04 12:41:00";"Gripper #2";"3600";"Hand Gripper";"2";"45.0";"10";"";"";"";"";""
"14";"2024-02-04 12:41:00";"Gripper #2";"3600";"Hand Gripper";"3";"45.0";"10";"";"";"";"";""
"14";"2024-02-04 12:41:00";"Gripper #2";"3600";"Hand Gripper";"4";"45.0";"10";"";"";"";"";""
"14";"2024-02-04 12:41:00";"Gripper #2";"3600";"Hand Gripper";"5";"45.0";"10";"";"";"";"";""
"15";"2024-02-08 12:32:00";"Fighter Pullup Challenge #4";"3600";"Pull Up";"1";"0.0";"6";"";"";"";"";""
"15";"2024-02-08 12:32:00";"Fighter Pullup Challenge #4";"3600";"Pull Up";"2";"0.0";"6";"";"";"";"";""
"15";"2024-02-08 12:32:00";"Fighter Pullup Challenge #4";"3600";"Pull Up";"3";"0.0";"6";"";"";"";"";""
"15";"2024-02-08 12:32:00";"Fighter Pullup Challenge #4";"3600";"Pull Up";"4";"0.0";"6";"";"";"";"";""
"15";"2024-02-08 12:32:00";"Fighter Pullup Challenge #4";"3600";"Pull Up";"5";"0.0";"5";"";"";"";"";""
"16";"2024-02-10 12:33:00";"Fighter Pullup Challenge #5";"3600";"Pull Up";"1";"0.0";"6";"";"";"";"";""
"16";"2024-02-10 12:33:00";"Fighter Pullup Challenge #5";"3600";"Pull Up";"2";"0.0";"6";"";"";"";"";""
"16";"2024-02-10 12:33:00";"Fighter Pullup Challenge #5";"3600";"Pull Up";"3";"0.0";"6";"";"";"";"";""
"16";"2024-02-10 12:33:00";"Fighter Pullup Challenge #5";"3600";"Pull Up";"4";"0.0";"6";"";"";"";"";""
"16";"2024-02-10 12:33:00";"Fighter Pullup Challenge #5";"3600";"Pull Up";"5";"0.0";"6";"";"";"";"";""
"17";"2024-02-10 12:42:00";"Gripper #3";"3600";"Hand Gripper";"1";"45.0";"25";"";"";"";"";""
"17";"2024-02-10 12:42:00";"Gripper #3";"3600";"Hand Gripper";"2";"45.0";"20";"";"";"";"";""
"17";"2024-02-10 12:42:00";"Gripper #3";"3600";"Hand Gripper";"3";"45.0";"20";"";"";"";"";""
"17";"2024-02-10 12:42:00";"Gripper #3";"3600";"Hand Gripper";"4";"45.0";"20";"";"";"";"";""
"17";"2024-02-10 12:42:00";"Gripper #3";"3600";"Hand Gripper";"5";"45.0";"20";"";"";"";"";""
"18";"2024-02-11 19:27:32";"Strength 24";"4806";"Front Squat (Barbell)";"W";"50.0";"5";"";"";"";"";""
"18";"2024-02-11 19:27:32";"Strength 24";"4806";"Front Squat (Barbell)";"W";"60.0";"3";"";"";"";"";""
"18";"2024-02-11 19:27:32";"Strength 24";"4806";"Front Squat (Barbell)";"1";"82.0";"5";"";"";"";"";""
"18";"2024-02-11 19:27:32";"Strength 24";"4806";"Front Squat (Barbell)";"2";"82.0";"5";"";"";"";"";""
"18";"2024-02-11 19:27:32";"Strength 24";"4806";"Front Squat (Barbell)";"3";"82.0";"5";"";"";"";"";""
"18";"2024-02-11 19:27:32";"Strength 24";"4806";"Front Squat (Barbell)";"4";"82.0";"5";"";"";"";"";""
"18";"2024-02-11 19:27:32";"Strength 24";"4806";"Front Squat (Barbell)";"5";"72.0";"5";"";"";"";"";""
"18";"2024-02-11 19:27:32";"Strength 24";"4806";"Front Squat (Barbell)";"6";"82.0";"5";"";"";"";"";""
"18";"2024-02-11 19:27:32";"Strength 24";"4806";"Overhead Press (Barbell)";"1";"56.0";"5";"";"";"";"";""
"18";"2024-02-11 19:27:32";"Strength 24";"4806";"Overhead Press (Barbell)";"2";"56.0";"5";"";"";"";"";""
"18";"2024-02-11 19:27:32";"Strength 24";"4806";"Overhead Press (Barbell)";"3";"56.0";"5";"";"";"";"";""
"18";"2024-02-11 19:27:32";"Strength 24";"4806";"Overhead Press (Barbell)";"4";"56.0";"5";"";"";"";"";""
"18";"2024-02-11 19:27:32";"Strength 24";"4806";"Overhead Press (Barbell)";"F";"56.0";"3";"";"";"";"";""
"18";"2024-02-11 19:27:32";"Strength 24";"4806";"Snatch Pull (Barbell)";"1";"112.0";"5";"";"";"";"";""
"18";"2024-02-11 19:27:32";"Strength 24";"4806";"Snatch Pull (Barbell)";"2";"112.0";"5";"";"";"";"";""
"18";"2024-02-11 19:27:32";"Strength 24";"4806";"Snatch Pull (Barbell)";"3";"112.0";"5";"";"";"";"";""
"18";"2024-02-11 19:27:32";"Strength 24";"4806";"Snatch Pull (Barbell)";"4";"112.0";"5";"";"";"";"";""
"18";"2024-02-11 19:27:32";"Strength 24";"4806";"Snatch Pull (Barbell)";"5";"112.0";"5";"";"";"";"";""
"18";"2024-02-11 19:27:32";"Strength 24";"4806";"Bench Press (Barbell)";"1";"60.0";"15";"";"";"";"";""
"18";"2024-02-11 19:27:32";"Strength 24";"4806";"Bench Press (Barbell)";"F";"60.0";"10";"";"";"";"";""
"18";"2024-02-11 19:27:32";"Strength 24";"4806";"Bench Press (Barbell)";"F";"60.0";"6";"";"";"";"";""
"18";"2024-02-11 19:27:32";"Strength 24";"4806";"Bicep Curl (Barbell)";"1";"32.0";"10";"";"";"";"";""
"18";"2024-02-11 19:27:32";"Strength 24";"4806";"Bicep Curl (Barbell)";"2";"31.0";"10";"";"";"";"";""
"18";"2024-02-11 19:27:32";"Strength 24";"4806";"Bicep Curl (Barbell)";"3";"31.0";"10";"";"";"";"";""
"18";"2024-02-11 19:27:32";"Strength 24";"4806";"Upright Row (Barbell)";"1";"32.0";"8";"";"";"";"";""
"18";"2024-02-11 19:27:32";"Strength 24";"4806";"Upright Row (Barbell)";"2";"32.0";"5";"";"";"";"";""
"18";"2024-02-11 19:27:32";"Strength 24";"4806";"Upright Row (Barbell)";"3";"32.0";"5";"";"";"";"";""
"19";"2024-02-12 12:35:00";"Fighter Pullup Challenge #6";"3600";"Pull Up";"1";"0.0";"7";"";"";"";"";""
"19";"2024-02-12 12:35:00";"Fighter Pullup Challenge #6";"3600";"Pull Up";"2";"0.0";"6";"";"";"";"";""
"19";"2024-02-12 12:35:00";"Fighter Pullup Challenge #6";"3600";"Pull Up";"3";"0.0";"6";"";"";"";"";""
"19";"2024-02-12 12:35:00";"Fighter Pullup Challenge #6";"3600";"Pull Up";"4";"0.0";"6";"";"";"";"";""
"19";"2024-02-12 12:35:00";"Fighter Pullup Challenge #6";"3600";"Pull Up";"5";"0.0";"6";"";"";"";"";""
"20";"2024-02-14 12:36:00";"Fighter Pullup Challenge #7";"3600";"Pull Up";"1";"0.0";"7";"";"";"";"";""
"20";"2024-02-14 12:36:00";"Fighter Pullup Challenge #7";"3600";"Pull Up";"2";"0.0";"7";"";"";"";"";""
"20";"2024-02-14 12:36:00";"Fighter Pullup Challenge #7";"3600";"Pull Up";"3";"0.0";"6";"";"";"";"";""
"20";"2024-02-14 12:36:00";"Fighter Pullup Challenge #7";"3600";"Pull Up";"4";"0.0";"6";"";"";"";"";""
"20";"2024-02-14 12:36:00";"Fighter Pullup Challenge #7";"3600";"Pull Up";"5";"0.0";"6";"";"";"";"";""
"21";"2024-02-14 19:27:33";"Strength 24";"4959";"Power Snatch (Barbell)";"1";"30.0";"1";"";"";"";"";""
"21";"2024-02-14 19:27:33";"Strength 24";"4959";"Power Snatch (Barbell)";"2";"50.0";"1";"";"";"";"";""
"21";"2024-02-14 19:27:33";"Strength 24";"4959";"Power Snatch (Barbell)";"3";"50.0";"1";"";"";"";"";""
"21";"2024-02-14 19:27:33";"Strength 24";"4959";"Power Snatch (Barbell)";"4";"50.0";"1";"";"";"";"";""
"21";"2024-02-14 19:27:33";"Strength 24";"4959";"Power Snatch (Barbell)";"5";"50.0";"1";"";"";"";"";""
"21";"2024-02-14 19:27:33";"Strength 24";"4959";"Power Clean";"1";"50.0";"1";"";"";"";"";""
"21";"2024-02-14 19:27:33";"Strength 24";"4959";"Power Clean";"2";"50.0";"1";"";"";"";"";""
"21";"2024-02-14 19:27:33";"Strength 24";"4959";"Power Clean";"3";"50.0";"1";"";"";"";"";""
"21";"2024-02-14 19:27:33";"Strength 24";"4959";"Power Clean";"4";"50.0";"1";"";"";"";"";""
"21";"2024-02-14 19:27:33";"Strength 24";"4959";"Power Clean";"5";"50.0";"1";"";"";"";"";""
"21";"2024-02-14 19:27:33";"Strength 24";"4959";"Push Press";"1";"50.0";"1";"";"";"";"";""
"21";"2024-02-14 19:27:33";"Strength 24";"4959";"Push Press";"2";"50.0";"1";"";"";"";"";""
"21";"2024-02-14 19:27:33";"Strength 24";"4959";"Push Press";"3";"50.0";"1";"";"";"";"";""
"21";"2024-02-14 19:27:33";"Strength 24";"4959";"Push Press";"4";"50.0";"1";"";"";"";"";""
"21";"2024-02-14 19:27:33";"Strength 24";"4959";"Push Press";"5";"50.0";"1";"";"";"";"";""
"21";"2024-02-14 19:27:33";"Strength 24";"4959";"Front Squat (Barbell)";"W";"50.0";"5";"";"";"";"";""
"21";"2024-02-14 19:27:33";"Strength 24";"4959";"Front Squat (Barbell)";"1";"86.0";"5";"";"";"";"";""
"21";"2024-02-14 19:27:33";"Strength 24";"4959";"Front Squat (Barbell)";"2";"86.0";"5";"";"";"";"";""
"21";"2024-02-14 19:27:33";"Strength 24";"4959";"Front Squat (Barbell)";"3";"86.0";"5";"";"";"";"";""
"21";"2024-02-14 19:27:33";"Strength 24";"4959";"Front Squat (Barbell)";"4";"86.0";"5";"";"";"";"";""
"21";"2024-02-14 19:27:33";"Strength 24";"4959";"Front Squat (Barbell)";"5";"86.0";"5";"";"";"";"";""
"21";"2024-02-14 19:27:33";"Strength 24";"4959";"Overhead Press (Barbell)";"1";"60.0";"5";"";"";"";"";""
"21";"2024-02-14 19:27:33";"Strength 24";"4959";"Overhead Press (Barbell)";"2";"60.0";"5";"";"";"";"";""
"21";"2024-02-14 19:27:33";"Strength 24";"4959";"Overhead Press (Barbell)";"F";"60.0";"3";"";"";"";"";""
"21";"2024-02-14 19:27:33";"Strength 24";"4959";"Overhead Press (Barbell)";"4";"60.0";"3";"";"";"";"";""
"21";"2024-02-14 19:27:33";"Strength 24";"4959";"Overhead Press (Barbell)";"5";"60.0";"4";"";"";"";"";""
"21";"2024-02-14 19:27:33";"Strength 24";"4959";"Snatch Pull (Barbell)";"1";"116.0";"3";"";"";"";"";""
"21";"2024-02-14 19:27:33";"Strength 24";"4959";"Snatch Pull (Barbell)";"2";"116.0";"3";"";"";"";"";""
"21";"2024-02-14 19:27:33";"Strength 24";"4959";"Snatch Pull (Barbell)";"3";"116.0";"3";"";"";"";"";""
"21";"2024-02-14 19:27:33";"Strength 24";"4959";"Snatch Pull (Barbell)";"4";"116.0";"3";"";"";"";"";""
"21";"2024-02-14 19:27:33";"Strength 24";"4959";"Snatch Pull (Barbell)";"5";"116.0";"3";"";"";"";"";""
"21";"2024-02-14 19:27:33";"Strength 24";"4959";"Bicep Curl (Barbell)";"1";"36.0";"10";"";"";"";"";""
"21";"2024-02-14 19:27:33";"Strength 24";"4959";"Bicep Curl (Barbell)";"2";"36.0";"8";"";"";"";"";""
"21";"2024-02-14 19:27:33";"Strength 24";"4959";"Bicep Curl (Barbell)";"F";"36.0";"8";"";"";"";"";""
"21";"2024-02-14 19:27:33";"Strength 24";"4959";"Upright Row (Barbell)";"1";"36.0";"5";"";"";"";"";""
"21";"2024-02-14 19:27:33";"Strength 24";"4959";"Upright Row (Barbell)";"2";"36.0";"5";"";"";"";"";""
"21";"2024-02-14 19:27:33";"Strength 24";"4959";"Upright Row (Barbell)";"3";"36.0";"3";"";"";"";"";""
"22";"2024-02-16 12:37:00";"Fighter Pullup Challenge #8";"3600";"Pull Up";"1";"0.0";"7";"";"";"";"";""
"22";"2024-02-16 12:37:00";"Fighter Pullup Challenge #8";"3600";"Pull Up";"2";"0.0";"7";"";"";"";"";""
"22";"2024-02-16 12:37:00";"Fighter Pullup Challenge #8";"3600";"Pull Up";"3";"0.0";"7";"";"";"";"";""
"22";"2024-02-16 12:37:00";"Fighter Pullup Challenge #8";"3600";"Pull Up";"4";"0.0";"6";"";"";"";"";""
"22";"2024-02-16 12:37:00";"Fighter Pullup Challenge #8";"3600";"Pull Up";"5";"0.0";"6";"";"";"";"";""
"23";"2024-02-16 12:43:00";"Gripper #4";"3600";"Hand Gripper";"1";"45.0";"30";"";"";"";"";""
"23";"2024-02-16 12:43:00";"Gripper #4";"3600";"Hand Gripper";"2";"45.0";"30";"";"";"";"";""
"23";"2024-02-16 12:43:00";"Gripper #4";"3600";"Hand Gripper";"3";"45.0";"25";"";"";"";"";""
"23";"2024-02-16 12:43:00";"Gripper #4";"3600";"Hand Gripper";"4";"45.0";"25";"";"";"";"";""
"23";"2024-02-16 12:43:00";"Gripper #4";"3600";"Hand Gripper";"5";"45.0";"25";"";"";"";"";""
"24";"2024-02-18 12:38:00";"Fighter Pullup Challenge #9";"3600";"Pull Up";"1";"0.0";"7";"";"";"";"";""
"24";"2024-02-18 12:38:00";"Fighter Pullup Challenge #9";"3600";"Pull Up";"2";"0.0";"7";"";"";"";"";""
"24";"2024-02-18 12:38:00";"Fighter Pullup Challenge #9";"3600";"Pull Up";"3";"0.0";"7";"";"";"";"";""
"24";"2024-02-18 12:38:00";"Fighter Pullup Challenge #9";"3600";"Pull Up";"4";"0.0";"7";"";"";"";"";""
"24";"2024-02-18 12:38:00";"Fighter Pullup Challenge #9";"3600";"Pull Up";"5";"0.0";"6";"";"";"";"";""
"25";"2024-02-18 16:50:41";"Strength 24";"2417";"Front Squat (Barbell)";"W";"50.0";"5";"";"";"";"";""
"25";"2024-02-18 16:50:41";"Strength 24";"2417";"Front Squat (Barbell)";"1";"90.0";"5";"";"";"";"";""
"25";"2024-02-18 16:50:41";"Strength 24";"2417";"Front Squat (Barbell)";"2";"80.0";"5";"";"";"";"";""
"25";"2024-02-18 16:50:41";"Strength 24";"2417";"Front Squat (Barbell)";"3";"90.0";"5";"";"";"";"";""
"25";"2024-02-18 16:50:41";"Strength 24";"2417";"Front Squat (Barbell)";"4";"90.0";"5";"";"";"";"";""
"25";"2024-02-18 16:50:41";"Strength 24";"2417";"Front Squat (Barbell)";"5";"90.0";"5";"";"";"";"";""
"25";"2024-02-18 16:50:41";"Strength 24";"2417";"Power Snatch (Barbell)";"1";"30.0";"3";"";"";"";"";""
"25";"2024-02-18 16:50:41";"Strength 24";"2417";"Power Snatch (Barbell)";"2";"40.0";"3";"";"";"";"";""
"25";"2024-02-18 16:50:41";"Strength 24";"2417";"Power Snatch (Barbell)";"3";"40.0";"3";"";"";"";"";""
"25";"2024-02-18 16:50:41";"Strength 24";"2417";"Power Snatch (Barbell)";"4";"50.0";"2";"";"";"";"";""
"25";"2024-02-18 16:50:41";"Strength 24";"2417";"Power Snatch (Barbell)";"5";"50.0";"2";"";"";"";"";""
"25";"2024-02-18 16:50:41";"Strength 24";"2417";"Snatch Pull (Barbell)";"1";"90.0";"4";"";"";"";"";""
"25";"2024-02-18 16:50:41";"Strength 24";"2417";"Snatch Pull (Barbell)";"2";"90.0";"4";"";"";"";"";""
"25";"2024-02-18 16:50:41";"Strength 24";"2417";"Push Press";"1";"80.0";"1";"";"";"";"";""
"25";"2024-02-18 16:50:41";"Strength 24";"2417";"Push Press";"2";"70.0";"5";"";"";"";"";""
"25";"2024-02-18 16:50:41";"Strength 24";"2417";"Push Press";"3";"70.0";"3";"";"";"";"";""
"25";"2024-02-18 16:50:41";"Strength 24";"2417";"Push Press";"4";"70.0";"3";"";"";"";"";""
"25";"2024-02-18 16:50:41";"Strength 24";"2417";"Push Press";"5";"70.0";"3";"";"";"";"";""
"25";"2024-02-18 16:50:41";"Strength 24";"2417";"Chin Up";"1";"0.0";"7";"";"";"";"";""
"25";"2024-02-18 16:50:41";"Strength 24";"2417";"Chin Up";"2";"0.0";"7";"";"";"";"";""
"25";"2024-02-18 16:50:41";"Strength 24";"2417";"Chin Up";"3";"0.0";"7";"";"";"";"";""
"25";"2024-02-18 16:50:41";"Strength 24";"2417";"Chin Up";"4";"0.0";"7";"";"";"";"";""
"25";"2024-02-18 16:50:41";"Strength 24";"2417";"Chin Up";"5";"0.0";"6";"";"";"";"";""
"25";"2024-02-18 16:50:41";"Strength 24";"2417";"Push Up";"1";"20.0";"6";"";"";"";"";""
"25";"2024-02-18 16:50:41";"Strength 24";"2417";"Push Up";"2";"20.0";"5";"";"";"";"";""
"25";"2024-02-18 16:50:41";"Strength 24";"2417";"Push Up";"3";"0.0";"12";"";"";"";"";""
"25";"2024-02-18 16:50:41";"Strength 24";"2417";"Push Up";"4";"0.0";"8";"";"";"";"";""
"25";"2024-02-18 16:50:41";"Strength 24";"2417";"Push Up";"5";"0.0";"8";"";"";"";"";""
"26";"2024-02-20 12:39:00";"Fighter Pullup Challenge #10";"3600";"Pull Up";"1";"0.0";"7";"";"";"";"";""
"26";"2024-02-20 12:39:00";"Fighter Pullup Challenge #10";"3600";"Pull Up";"2";"0.0";"7";"";"";"";"";""
"26";"2024-02-20 12:39:00";"Fighter Pullup Challenge #10";"3600";"Pull Up";"3";"0.0";"7";"";"";"";"";""
"26";"2024-02-20 12:39:00";"Fighter Pullup Challenge #10";"3600";"Pull Up";"4";"0.0";"7";"";"";"";"";""
"26";"2024-02-20 12:39:00";"Fighter Pullup Challenge #10";"3600";"Pull Up";"5";"0.0";"7";"";"";"";"";""
"27";"2024-02-21 18:33:14";"WL.AI #1";"70";"Snatch (Barbell)";"1";"50.0";"1";"";"";"";"";""
"27";"2024-02-21 18:33:14";"WL.AI #1";"70";"Snatch (Barbell)";"2";"50.0";"1";"";"";"";"";""
"27";"2024-02-21 18:33:14";"WL.AI #1";"70";"Snatch (Barbell)";"3";"44.0";"2";"";"";"";"";""
"27";"2024-02-21 18:33:14";"WL.AI #1";"70";"Snatch (Barbell)";"4";"42.0";"2";"";"";"";"";""
"27";"2024-02-21 18:33:14";"WL.AI #1";"70";"Front Squat (Barbell)";"Note";"";"";"";"";"";"Tempo";""
"27";"2024-02-21 18:33:14";"WL.AI #1";"70";"Front Squat (Barbell)";"1";"60.0";"4";"";"";"";"";""
"27";"2024-02-21 18:33:14";"WL.AI #1";"70";"Front Squat (Barbell)";"2";"60.0";"4";"";"";"";"";""
"27";"2024-02-21 18:33:14";"WL.AI #1";"70";"Front Squat (Barbell)";"3";"60.0";"4";"";"";"";"";""
"27";"2024-02-21 18:33:14";"WL.AI #1";"70";"Front Squat (Barbell)";"4";"60.0";"4";"";"";"";"";""
"27";"2024-02-21 18:33:14";"WL.AI #1";"70";"Overhead Press (Barbell)";"1";"50.0";"4";"";"";"";"";""
"27";"2024-02-21 18:33:14";"WL.AI #1";"70";"Overhead Press (Barbell)";"2";"54.0";"4";"";"";"";"";""
"27";"2024-02-21 18:33:14";"WL.AI #1";"70";"Overhead Press (Barbell)";"3";"56.0";"4";"";"";"";"";""
"27";"2024-02-21 18:33:14";"WL.AI #1";"70";"Squat Jump";"1";"50.0";"5";"";"";"";"";""
"27";"2024-02-21 18:33:14";"WL.AI #1";"70";"Squat Jump";"2";"50.0";"5";"";"";"";"";""
"27";"2024-02-21 18:33:14";"WL.AI #1";"70";"Squat Jump";"3";"50.0";"5";"";"";"";"";""
"27";"2024-02-21 18:33:14";"WL.AI #1";"70";"Chin Up";"1";"0.0";"8";"";"";"";"";""
"27";"2024-02-21 18:33:14";"WL.AI #1";"70";"Chin Up";"2";"0.0";"8";"";"";"";"";""
"27";"2024-02-21 18:33:14";"WL.AI #1";"70";"Chin Up";"3";"0.0";"8";"";"";"";"";""
"27";"2024-02-21 18:33:14";"WL.AI #1";"70";"Good Morning (Barbell)";"1";"50.0";"10";"";"";"";"";""
"27";"2024-02-21 18:33:14";"WL.AI #1";"70";"Good Morning (Barbell)";"2";"50.0";"10";"";"";"";"";""
"27";"2024-02-21 18:33:14";"WL.AI #1";"70";"Good Morning (Barbell)";"3";"50.0";"10";"";"";"";"";""
"27";"2024-02-21 18:33:14";"WL.AI #1";"70";"Side Plank";"1";"";"";"";"";"30.0";"";""
"27";"2024-02-21 18:33:14";"WL.AI #1";"70";"Side Plank";"2";"";"";"";"";"30.0";"";""
"27";"2024-02-21 18:33:14";"WL.AI #1";"70";"Side Plank";"3";"";"";"";"";"30.0";"";""
"28";"2024-02-22 12:40:00";"Fighter Pullup Challenge #11";"3600";"Pull Up";"1";"0.0";"8";"";"";"";"";""
"28";"2024-02-22 12:40:00";"Fighter Pullup Challenge #11";"3600";"Pull Up";"2";"0.0";"7";"";"";"";"";""
"28";"2024-02-22 12:40:00";"Fighter Pullup Challenge #11";"3600";"Pull Up";"3";"0.0";"7";"";"";"";"";""
"28";"2024-02-22 12:40:00";"Fighter Pullup Challenge #11";"3600";"Pull Up";"4";"0.0";"7";"";"";"";"";""
"28";"2024-02-22 12:40:00";"Fighter Pullup Challenge #11";"3600";"Pull Up";"5";"0.0";"7";"";"";"";"";""
"29";"2024-02-22 12:44:00";"Gripper #5";"3600";"Hand Gripper";"1";"45.0";"30";"";"";"";"";""
"29";"2024-02-22 12:44:00";"Gripper #5";"3600";"Hand Gripper";"2";"45.0";"30";"";"";"";"";""
"29";"2024-02-22 12:44:00";"Gripper #5";"3600";"Hand Gripper";"3";"45.0";"30";"";"";"";"";""
"29";"2024-02-22 12:44:00";"Gripper #5";"3600";"Hand Gripper";"4";"45.0";"30";"";"";"";"";""
"29";"2024-02-22 12:44:00";"Gripper #5";"3600";"Hand Gripper";"5";"45.0";"30";"";"";"";"";""
"30";"2024-02-23 18:15:00";"WL.AI #2";"2400";"Power Snatch (Barbell)";"Note";"";"";"";"";"";"Above knee";""
"30";"2024-02-23 18:15:00";"WL.AI #2";"2400";"Power Snatch (Barbell)";"1";"50.0";"1";"";"";"";"";""
"30";"2024-02-23 18:15:00";"WL.AI #2";"2400";"Power Snatch (Barbell)";"2";"50.0";"1";"";"";"";"";""
"30";"2024-02-23 18:15:00";"WL.AI #2";"2400";"Power Snatch (Barbell)";"3";"52.0";"1";"";"";"";"";""
"30";"2024-02-23 18:15:00";"WL.AI #2";"2400";"Power Snatch (Barbell)";"4";"54.0";"1";"";"";"";"";""
"30";"2024-02-23 18:15:00";"WL.AI #2";"2400";"Hang Clean (Barbell)";"1";"52.0";"1";"";"";"";"";""
"30";"2024-02-23 18:15:00";"WL.AI #2";"2400";"Hang Clean (Barbell)";"2";"52.0";"1";"";"";"";"";""
"30";"2024-02-23 18:15:00";"WL.AI #2";"2400";"Hang Clean (Barbell)";"3";"52.0";"1";"";"";"";"";""
"30";"2024-02-23 18:15:00";"WL.AI #2";"2400";"Hang Clean (Barbell)";"4";"54.0";"1";"";"";"";"";""
"30";"2024-02-23 18:15:00";"WL.AI #2";"2400";"Split Jerk (Barbell)";"1";"52.0";"2";"";"";"";"";""
"30";"2024-02-23 18:15:00";"WL.AI #2";"2400";"Split Jerk (Barbell)";"2";"52.0";"2";"";"";"";"";""
"30";"2024-02-23 18:15:00";"WL.AI #2";"2400";"Split Jerk (Barbell)";"3";"52.0";"2";"";"";"";"";""
"30";"2024-02-23 18:15:00";"WL.AI #2";"2400";"Split Jerk (Barbell)";"4";"54.0";"2";"";"";"";"";""
"30";"2024-02-23 18:15:00";"WL.AI #2";"2400";"Power Clean";"1";"70.0";"1";"";"";"";"";""
"30";"2024-02-23 18:15:00";"WL.AI #2";"2400";"Power Clean";"2";"70.0";"1";"";"";"";"";""
"30";"2024-02-23 18:15:00";"WL.AI #2";"2400";"Power Clean";"3";"70.0";"1";"";"";"";"";""
"30";"2024-02-23 18:15:00";"WL.AI #2";"2400";"Front Squat (Barbell)";"1";"70.0";"5";"";"";"";"";""
"30";"2024-02-23 18:15:00";"WL.AI #2";"2400";"Front Squat (Barbell)";"2";"70.0";"5";"";"";"";"";""
"30";"2024-02-23 18:15:00";"WL.AI #2";"2400";"Front Squat (Barbell)";"3";"70.0";"5";"";"";"";"";""
"30";"2024-02-23 18:15:00";"WL.AI #2";"2400";"Clean Pull";"1";"74.0";"3";"";"";"";"";""
"30";"2024-02-23 18:15:00";"WL.AI #2";"2400";"Clean Pull";"2";"74.0";"3";"";"";"";"";""
"30";"2024-02-23 18:15:00";"WL.AI #2";"2400";"Clean Pull";"3";"74.0";"3";"";"";"";"";""
"30";"2024-02-23 18:15:00";"WL.AI #2";"2400";"Clean Pull";"4";"74.0";"3";"";"";"";"";""
"30";"2024-02-23 18:15:00";"WL.AI #2";"2400";"Overhead Press (Barbell)";"1";"50.0";"5";"";"";"";"";""
"30";"2024-02-23 18:15:00";"WL.AI #2";"2400";"Overhead Press (Barbell)";"2";"60.0";"4";"";"";"";"";""
"30";"2024-02-23 18:15:00";"WL.AI #2";"2400";"Overhead Press (Barbell)";"3";"54.0";"3";"";"";"";"";""
"30";"2024-02-23 18:15:00";"WL.AI #2";"2400";"Bent Over Row (Barbell)";"1";"60.0";"8";"";"";"";"";""
"30";"2024-02-23 18:15:00";"WL.AI #2";"2400";"Bent Over Row (Barbell)";"2";"70.0";"8";"";"";"";"";""
"30";"2024-02-23 18:15:00";"WL.AI #2";"2400";"Bent Over Row (Barbell)";"3";"70.0";"8";"";"";"";"";""
"31";"2024-02-24 12:41:00";"Fighter Pullup Challenge #12";"3600";"Pull Up";"1";"0.0";"8";"";"";"";"";""
"31";"2024-02-24 12:41:00";"Fighter Pullup Challenge #12";"3600";"Pull Up";"2";"0.0";"8";"";"";"";"";""
"31";"2024-02-24 12:41:00";"Fighter Pullup Challenge #12";"3600";"Pull Up";"3";"0.0";"7";"";"";"";"";""
"31";"2024-02-24 12:41:00";"Fighter Pullup Challenge #12";"3600";"Pull Up";"4";"0.0";"7";"";"";"";"";""
"31";"2024-02-24 12:41:00";"Fighter Pullup Challenge #12";"3600";"Pull Up";"5";"0.0";"7";"";"";"";"";""
"32";"2024-02-24 12:45:00";"Gripper #6";"3600";"Hand Gripper";"1";"68.0";"5";"";"";"";"";""
"32";"2024-02-24 12:45:00";"Gripper #6";"3600";"Hand Gripper";"2";"68.0";"5";"";"";"";"";""
"32";"2024-02-24 12:45:00";"Gripper #6";"3600";"Hand Gripper";"3";"68.0";"5";"";"";"";"";""
"32";"2024-02-24 12:45:00";"Gripper #6";"3600";"Hand Gripper";"4";"68.0";"5";"";"";"";"";""
"32";"2024-02-24 12:45:00";"Gripper #6";"3600";"Hand Gripper";"5";"68.0";"5";"";"";"";"";""
"32";"2024-02-24 12:45:00";"Gripper #6";"3600";"Hand Gripper";"6";"45.0";"30";"";"";"";"";""
"32";"2024-02-24 12:45:00";"Gripper #6";"3600";"Hand Gripper";"7";"45.0";"20";"";"";"";"";""
"32";"2024-02-24 12:45:00";"Gripper #6";"3600";"Hand Gripper";"8";"45.0";"20";"";"";"";"";""
"32";"2024-02-24 12:45:00";"Gripper #6";"3600";"Hand Gripper";"9";"45.0";"20";"";"";"";"";""
"32";"2024-02-24 12:45:00";"Gripper #6";"3600";"Hand Gripper";"10";"45.0";"20";"";"";"";"";""
"33";"2024-02-25 14:30:00";"WL.AI #3";"5400";"Snatch (Barbell)";"Note";"";"";"";"";"";"No hook no feet";""
"33";"2024-02-25 14:30:00";"WL.AI #3";"5400";"Snatch (Barbell)";"1";"50.0";"2";"";"";"";"";""
"33";"2024-02-25 14:30:00";"WL.AI #3";"5400";"Snatch (Barbell)";"2";"46.0";"2";"";"";"";"";""
"33";"2024-02-25 14:30:00";"WL.AI #3";"5400";"Snatch (Barbell)";"3";"46.0";"2";"";"";"";"";""
"33";"2024-02-25 14:30:00";"WL.AI #3";"5400";"Snatch (Barbell)";"4";"46.0";"2";"";"";"";"";""
"33";"2024-02-25 14:30:00";"WL.AI #3";"5400";"Snatch (Barbell)";"5";"46.0";"2";"";"";"";"";""
"33";"2024-02-25 14:30:00";"WL.AI #3";"5400";"Hang Snatch (Barbell)";"Note";"";"";"";"";"";"No feet hang snatch above knees";""
"33";"2024-02-25 14:30:00";"WL.AI #3";"5400";"Hang Snatch (Barbell)";"1";"50.0";"1";"";"";"";"";""
"33";"2024-02-25 14:30:00";"WL.AI #3";"5400";"Hang Snatch (Barbell)";"2";"46.0";"1";"";"";"";"";""
"33";"2024-02-25 14:30:00";"WL.AI #3";"5400";"Hang Snatch (Barbell)";"3";"46.0";"1";"";"";"";"";""
"33";"2024-02-25 14:30:00";"WL.AI #3";"5400";"Hang Snatch (Barbell)";"4";"46.0";"1";"";"";"";"";""
"33";"2024-02-25 14:30:00";"WL.AI #3";"5400";"Hang Snatch (Barbell)";"5";"46.0";"1";"";"";"";"";""
"33";"2024-02-25 14:30:00";"WL.AI #3";"5400";"Hang Clean (Barbell)";"Note";"";"";"";"";"";"Power position clean";""
"33";"2024-02-25 14:30:00";"WL.AI #3";"5400";"Hang Clean (Barbell)";"1";"60.0";"1";"";"";"";"";""
"33";"2024-02-25 14:30:00";"WL.AI #3";"5400";"Hang Clean (Barbell)";"2";"60.0";"1";"";"";"";"";""
"33";"2024-02-25 14:30:00";"WL.AI #3";"5400";"Hang Clean (Barbell)";"3";"60.0";"1";"";"";"";"";""
"33";"2024-02-25 14:30:00";"WL.AI #3";"5400";"Hang Clean (Barbell)";"4";"60.0";"1";"";"";"";"";""
"33";"2024-02-25 14:30:00";"WL.AI #3";"5400";"Hang Clean (Barbell)";"5";"60.0";"1";"";"";"";"";""
"33";"2024-02-25 14:30:00";"WL.AI #3";"5400";"Split Jerk (Barbell)";"Note";"";"";"";"";"";"Pause jerk";""
"33";"2024-02-25 14:30:00";"WL.AI #3";"5400";"Split Jerk (Barbell)";"1";"60.0";"2";"";"";"";"";""
"33";"2024-02-25 14:30:00";"WL.AI #3";"5400";"Split Jerk (Barbell)";"2";"60.0";"2";"";"";"";"";""
"33";"2024-02-25 14:30:00";"WL.AI #3";"5400";"Split Jerk (Barbell)";"3";"60.0";"2";"";"";"";"";""
"33";"2024-02-25 14:30:00";"WL.AI #3";"5400";"Split Jerk (Barbell)";"4";"60.0";"2";"";"";"";"";""
"33";"2024-02-25 14:30:00";"WL.AI #3";"5400";"Split Jerk (Barbell)";"5";"60.0";"2";"";"";"";"";""
"33";"2024-02-25 14:30:00";"WL.AI #3";"5400";"Squat (Barbell)";"1";"90.0";"4";"";"";"";"";""
"33";"2024-02-25 14:30:00";"WL.AI #3";"5400";"Squat (Barbell)";"2";"90.0";"4";"";"";"";"";""
"33";"2024-02-25 14:30:00";"WL.AI #3";"5400";"Squat (Barbell)";"3";"90.0";"4";"";"";"";"";""
"33";"2024-02-25 14:30:00";"WL.AI #3";"5400";"Squat (Barbell)";"4";"90.0";"4";"";"";"";"";""
"33";"2024-02-25 14:30:00";"WL.AI #3";"5400";"Squat (Barbell)";"5";"90.0";"4";"";"";"";"";""
"33";"2024-02-25 14:30:00";"WL.AI #3";"5400";"Box Jump";"1";"";"10";"";"";"";"";""
"33";"2024-02-25 14:30:00";"WL.AI #3";"5400";"Box Jump";"2";"";"10";"";"";"";"";""
"33";"2024-02-25 14:30:00";"WL.AI #3";"5400";"Box Jump";"3";"";"10";"";"";"";"";""
"33";"2024-02-25 14:30:00";"WL.AI #3";"5400";"Box Jump";"4";"";"10";"";"";"";"";""
"33";"2024-02-25 14:30:00";"WL.AI #3";"5400";"Snatch Pull (Barbell)";"1";"90.0";"2";"";"";"";"";""
"33";"2024-02-25 14:30:00";"WL.AI #3";"5400";"Snatch Pull (Barbell)";"2";"90.0";"2";"";"";"";"";""
"33";"2024-02-25 14:30:00";"WL.AI #3";"5400";"Snatch Pull (Barbell)";"3";"90.0";"2";"";"";"";"";""
"33";"2024-02-25 14:30:00";"WL.AI #3";"5400";"Overhead Press (Barbell)";"1";"50.0";"5";"";"";"";"";""
"33";"2024-02-25 14:30:00";"WL.AI #3";"5400";"Overhead Press (Barbell)";"2";"50.0";"5";"";"";"";"";""
"33";"2024-02-25 14:30:00";"WL.AI #3";"5400";"Overhead Press (Barbell)";"3";"50.0";"5";"";"";"";"";""
"33";"2024-02-25 14:30:00";"WL.AI #3";"5400";"Overhead Press (Barbell)";"4";"50.0";"5";"";"";"";"";""
"33";"2024-02-25 14:30:00";"WL.AI #3";"5400";"Good Morning (Barbell)";"1";"50.0";"10";"";"";"";"";""
"33";"2024-02-25 14:30:00";"WL.AI #3";"5400";"Good Morning (Barbell)";"2";"50.0";"10";"";"";"";"";""
"33";"2024-02-25 14:30:00";"WL.AI #3";"5400";"Good Morning (Barbell)";"3";"50.0";"10";"";"";"";"";""
"33";"2024-02-25 14:30:00";"WL.AI #3";"5400";"Good Morning (Barbell)";"4";"50.0";"10";"";"";"";"";""
"34";"2024-02-26 12:42:00";"Fighter Pullup Challenge #13";"3600";"Pull Up";"1";"0.0";"8";"";"";"";"";""
"34";"2024-02-26 12:42:00";"Fighter Pullup Challenge #13";"3600";"Pull Up";"2";"0.0";"8";"";"";"";"";""
"34";"2024-02-26 12:42:00";"Fighter Pullup Challenge #13";"3600";"Pull Up";"3";"0.0";"8";"";"";"";"";""
"34";"2024-02-26 12:42:00";"Fighter Pullup Challenge #13";"3600";"Pull Up";"4";"0.0";"7";"";"";"";"";""
"34";"2024-02-26 12:42:00";"Fighter Pullup Challenge #13";"3600";"Pull Up";"5";"0.0";"7";"";"";"";"";""
"35";"2024-02-26 12:47:00";"Gripper #7";"3600";"Hand Gripper";"1";"68.0";"10";"";"";"";"";""
"35";"2024-02-26 12:47:00";"Gripper #7";"3600";"Hand Gripper";"2";"68.0";"10";"";"";"";"";""
"35";"2024-02-26 12:47:00";"Gripper #7";"3600";"Hand Gripper";"3";"68.0";"10";"";"";"";"";""
"35";"2024-02-26 12:47:00";"Gripper #7";"3600";"Hand Gripper";"4";"68.0";"10";"";"";"";"";""
"35";"2024-02-26 12:47:00";"Gripper #7";"3600";"Hand Gripper";"5";"68.0";"10";"";"";"";"";""
"35";"2024-02-26 12:47:00";"Gripper #7";"3600";"Hand Gripper";"6";"45.0";"20";"";"";"";"";""
"35";"2024-02-26 12:47:00";"Gripper #7";"3600";"Hand Gripper";"7";"45.0";"20";"";"";"";"";""
"35";"2024-02-26 12:47:00";"Gripper #7";"3600";"Hand Gripper";"8";"45.0";"20";"";"";"";"";""
"35";"2024-02-26 12:47:00";"Gripper #7";"3600";"Hand Gripper";"9";"45.0";"20";"";"";"";"";""
"35";"2024-02-26 12:47:00";"Gripper #7";"3600";"Hand Gripper";"10";"45.0";"20";"";"";"";"";""
"36";"2024-02-28 12:43:00";"Fighter Pullup Challenge #14";"3600";"Pull Up";"1";"0.0";"8";"";"";"";"";""
"36";"2024-02-28 12:43:00";"Fighter Pullup Challenge #14";"3600";"Pull Up";"2";"0.0";"8";"";"";"";"";""
"36";"2024-02-28 12:43:00";"Fighter Pullup Challenge #14";"3600";"Pull Up";"3";"0.0";"8";"";"";"";"";""
"36";"2024-02-28 12:43:00";"Fighter Pullup Challenge #14";"3600";"Pull Up";"4";"0.0";"8";"";"";"";"";""
"36";"2024-02-28 12:43:00";"Fighter Pullup Challenge #14";"3600";"Pull Up";"5";"0.0";"7";"";"";"";"";""
"37";"2024-02-28 12:48:00";"Gripper #8";"3600";"Hand Gripper";"1";"68.0";"12";"";"";"";"";""
"37";"2024-02-28 12:48:00";"Gripper #8";"3600";"Hand Gripper";"2";"68.0";"12";"";"";"";"";""
"37";"2024-02-28 12:48:00";"Gripper #8";"3600";"Hand Gripper";"3";"68.0";"12";"";"";"";"";""
"37";"2024-02-28 12:48:00";"Gripper #8";"3600";"Hand Gripper";"4";"68.0";"12";"";"";"";"";""
"37";"2024-02-28 12:48:00";"Gripper #8";"3600";"Hand Gripper";"5";"68.0";"12";"";"";"";"";""
"37";"2024-02-28 12:48:00";"Gripper #8";"3600";"Hand Gripper";"6";"45.0";"15";"";"";"";"";""
"37";"2024-02-28 12:48:00";"Gripper #8";"3600";"Hand Gripper";"7";"45.0";"15";"";"";"";"";""
"37";"2024-02-28 12:48:00";"Gripper #8";"3600";"Hand Gripper";"8";"45.0";"15";"";"";"";"";""
"37";"2024-02-28 12:48:00";"Gripper #8";"3600";"Hand Gripper";"9";"45.0";"15";"";"";"";"";""
"37";"2024-02-28 12:48:00";"Gripper #8";"3600";"Hand Gripper";"10";"45.0";"15";"";"";"";"";""
"38";"2024-02-28 17:32:00";"WL.AI #4";"4380";"Snatch (Barbell)";"1";"50.0";"2";"";"";"";"";""
"38";"2024-02-28 17:32:00";"WL.AI #4";"4380";"Snatch (Barbell)";"2";"50.0";"2";"";"";"";"";""
"38";"2024-02-28 17:32:00";"WL.AI #4";"4380";"Snatch (Barbell)";"3";"50.0";"2";"";"";"";"";""
"38";"2024-02-28 17:32:00";"WL.AI #4";"4380";"Snatch (Barbell)";"4";"50.0";"2";"";"";"";"";""
"38";"2024-02-28 17:32:00";"WL.AI #4";"4380";"Clean and Jerk (Barbell)";"1";"60.0";"1";"";"";"";"";""
"38";"2024-02-28 17:32:00";"WL.AI #4";"4380";"Clean and Jerk (Barbell)";"2";"60.0";"1";"";"";"";"";""
"38";"2024-02-28 17:32:00";"WL.AI #4";"4380";"Clean and Jerk (Barbell)";"3";"60.0";"1";"";"";"";"";""
"38";"2024-02-28 17:32:00";"WL.AI #4";"4380";"Clean and Jerk (Barbell)";"4";"60.0";"1";"";"";"";"";""
"38";"2024-02-28 17:32:00";"WL.AI #4";"4380";"Clean and Jerk (Barbell)";"5";"60.0";"1";"";"";"";"";""
"38";"2024-02-28 17:32:00";"WL.AI #4";"4380";"Clean and Jerk (Barbell)";"6";"60.0";"1";"";"";"";"";""
"38";"2024-02-28 17:32:00";"WL.AI #4";"4380";"Power Clean";"1";"80.0";"1";"";"";"";"";""
"38";"2024-02-28 17:32:00";"WL.AI #4";"4380";"Power Clean";"2";"80.0";"1";"";"";"";"";""
"38";"2024-02-28 17:32:00";"WL.AI #4";"4380";"Power Clean";"3";"80.0";"1";"";"";"";"";""
"38";"2024-02-28 17:32:00";"WL.AI #4";"4380";"Power Clean";"4";"80.0";"1";"";"";"";"";""
"38";"2024-02-28 17:32:00";"WL.AI #4";"4380";"Front Squat (Barbell)";"1";"80.0";"3";"";"";"";"";""
"38";"2024-02-28 17:32:00";"WL.AI #4";"4380";"Front Squat (Barbell)";"2";"80.0";"3";"";"";"";"";""
"38";"2024-02-28 17:32:00";"WL.AI #4";"4380";"Front Squat (Barbell)";"3";"80.0";"3";"";"";"";"";""
"38";"2024-02-28 17:32:00";"WL.AI #4";"4380";"Front Squat (Barbell)";"4";"80.0";"3";"";"";"";"";""
"38";"2024-02-28 17:32:00";"WL.AI #4";"4380";"Push Press";"1";"50.0";"4";"";"";"";"";""
"38";"2024-02-28 17:32:00";"WL.AI #4";"4380";"Push Press";"2";"60.0";"4";"";"";"";"";""
"38";"2024-02-28 17:32:00";"WL.AI #4";"4380";"Push Press";"3";"60.0";"4";"";"";"";"";""
"38";"2024-02-28 17:32:00";"WL.AI #4";"4380";"Lunge (Barbell)";"1";"26.0";"12";"";"";"";"";""
"38";"2024-02-28 17:32:00";"WL.AI #4";"4380";"Lunge (Barbell)";"2";"50.0";"10";"";"";"";"";""
"38";"2024-02-28 17:32:00";"WL.AI #4";"4380";"Lunge (Barbell)";"3";"50.0";"12";"";"";"";"";""
"38";"2024-02-28 17:32:00";"WL.AI #4";"4380";"Bent Over One Arm Row (Dumbbell)";"1";"32.0";"12";"";"";"";"";""
"38";"2024-02-28 17:32:00";"WL.AI #4";"4380";"Bent Over One Arm Row (Dumbbell)";"2";"32.0";"10";"";"";"";"";""
"38";"2024-02-28 17:32:00";"WL.AI #4";"4380";"Bent Over One Arm Row (Dumbbell)";"3";"32.0";"10";"";"";"";"";""
"38";"2024-02-28 17:32:00";"WL.AI #4";"4380";"Bicep Curl (Barbell)";"1";"50.0";"3";"";"";"";"";""
"38";"2024-02-28 17:32:00";"WL.AI #4";"4380";"Bicep Curl (Barbell)";"2";"50.0";"3";"";"";"";"";""
"38";"2024-02-28 17:32:00";"WL.AI #4";"4380";"Bicep Curl (Barbell)";"3";"50.0";"3";"";"";"";"";""
"38";"2024-02-28 17:32:00";"WL.AI #4";"4380";"Bench Press (Barbell)";"1";"70.0";"5";"";"";"";"";""
"38";"2024-02-28 17:32:00";"WL.AI #4";"4380";"Bench Press (Barbell)";"2";"80.0";"5";"";"";"";"";""
"38";"2024-02-28 17:32:00";"WL.AI #4";"4380";"Bench Press (Barbell)";"3";"80.0";"8";"";"";"";"";""
"39";"2024-03-01 12:44:00";"Fighter Pullup Challenge #15";"3600";"Pull Up";"1";"0.0";"8";"";"";"";"";""
"39";"2024-03-01 12:44:00";"Fighter Pullup Challenge #15";"3600";"Pull Up";"2";"0.0";"8";"";"";"";"";""
"39";"2024-03-01 12:44:00";"Fighter Pullup Challenge #15";"3600";"Pull Up";"3";"0.0";"8";"";"";"";"";""
"39";"2024-03-01 12:44:00";"Fighter Pullup Challenge #15";"3600";"Pull Up";"4";"0.0";"8";"";"";"";"";""
"39";"2024-03-01 12:44:00";"Fighter Pullup Challenge #15";"3600";"Pull Up";"5";"0.0";"8";"";"";"";"";""
"40";"2024-03-01 12:49:00";"Gripper #9";"3600";"Hand Gripper";"1";"68.0";"13";"";"";"";"";""
"40";"2024-03-01 12:49:00";"Gripper #9";"3600";"Hand Gripper";"2";"68.0";"13";"";"";"";"";""
"40";"2024-03-01 12:49:00";"Gripper #9";"3600";"Hand Gripper";"3";"68.0";"13";"";"";"";"";""
"40";"2024-03-01 12:49:00";"Gripper #9";"3600";"Hand Gripper";"4";"68.0";"13";"";"";"";"";""
"40";"2024-03-01 12:49:00";"Gripper #9";"3600";"Hand Gripper";"5";"68.0";"13";"";"";"";"";""
"40";"2024-03-01 12:49:00";"Gripper #9";"3600";"Hand Gripper";"6";"45.0";"30";"";"";"";"";""
"40";"2024-03-01 12:49:00";"Gripper #9";"3600";"Hand Gripper";"7";"45.0";"30";"";"";"";"";""
"40";"2024-03-01 12:49:00";"Gripper #9";"3600";"Hand Gripper";"8";"45.0";"30";"";"";"";"";""
"40";"2024-03-01 12:49:00";"Gripper #9";"3600";"Hand Gripper";"9";"45.0";"30";"";"";"";"";""
"40";"2024-03-01 12:49:00";"Gripper #9";"3600";"Hand Gripper";"10";"45.0";"30";"";"";"";"";""
"41";"2024-03-01 18:30:00";"WL.AI #5";"4500";"Hang Snatch (Barbell)";"1";"40.0";"3";"";"";"";"";""
"41";"2024-03-01 18:30:00";"WL.AI #5";"4500";"Hang Snatch (Barbell)";"2";"40.0";"3";"";"";"";"";""
"41";"2024-03-01 18:30:00";"WL.AI #5";"4500";"Hang Snatch (Barbell)";"3";"40.0";"3";"";"";"";"";""
"41";"2024-03-01 18:30:00";"WL.AI #5";"4500";"Hang Snatch (Barbell)";"4";"40.0";"3";"";"";"";"";""
"41";"2024-03-01 18:30:00";"WL.AI #5";"4500";"Hang Snatch (Barbell)";"5";"40.0";"3";"";"";"";"";""
"41";"2024-03-01 18:30:00";"WL.AI #5";"4500";"Clean and Jerk (Barbell)";"1";"70.0";"1";"";"";"";"";""
"41";"2024-03-01 18:30:00";"WL.AI #5";"4500";"Clean and Jerk (Barbell)";"2";"70.0";"1";"";"";"";"";""
"41";"2024-03-01 18:30:00";"WL.AI #5";"4500";"Clean and Jerk (Barbell)";"3";"70.0";"1";"";"";"";"";""
"41";"2024-03-01 18:30:00";"WL.AI #5";"4500";"Clean and Jerk (Barbell)";"4";"70.0";"1";"";"";"";"";""
"41";"2024-03-01 18:30:00";"WL.AI #5";"4500";"Clean and Jerk (Barbell)";"5";"70.0";"1";"";"";"";"";""
"41";"2024-03-01 18:30:00";"WL.AI #5";"4500";"Front Squat (Barbell)";"1";"70.0";"5";"";"";"";"";""
"41";"2024-03-01 18:30:00";"WL.AI #5";"4500";"Front Squat (Barbell)";"2";"70.0";"5";"";"";"";"";""
"41";"2024-03-01 18:30:00";"WL.AI #5";"4500";"Front Squat (Barbell)";"3";"70.0";"5";"";"";"";"";""
"41";"2024-03-01 18:30:00";"WL.AI #5";"4500";"Front Squat (Barbell)";"4";"70.0";"5";"";"";"";"";""
"41";"2024-03-01 18:30:00";"WL.AI #5";"4500";"Front Squat (Barbell)";"5";"70.0";"5";"";"";"";"";""
"41";"2024-03-01 18:30:00";"WL.AI #5";"4500";"Deadlift High Pull (Barbell)";"1";"70.0";"5";"";"";"";"";""
"41";"2024-03-01 18:30:00";"WL.AI #5";"4500";"Deadlift High Pull (Barbell)";"2";"70.0";"5";"";"";"";"";""
"41";"2024-03-01 18:30:00";"WL.AI #5";"4500";"Deadlift High Pull (Barbell)";"3";"70.0";"5";"";"";"";"";""
"41";"2024-03-01 18:30:00";"WL.AI #5";"4500";"Deadlift High Pull (Barbell)";"4";"70.0";"5";"";"";"";"";""
"41";"2024-03-01 18:30:00";"WL.AI #5";"4500";"Zercher Goodmorning";"1";"50.0";"8";"";"";"";"";""
"41";"2024-03-01 18:30:00";"WL.AI #5";"4500";"Zercher Goodmorning";"2";"50.0";"8";"";"";"";"";""
"41";"2024-03-01 18:30:00";"WL.AI #5";"4500";"Zercher Goodmorning";"3";"60.0";"8";"";"";"";"";""
"41";"2024-03-01 18:30:00";"WL.AI #5";"4500";"Push Press";"1";"50.0";"5";"";"";"";"";""
"41";"2024-03-01 18:30:00";"WL.AI #5";"4500";"Push Press";"2";"60.0";"5";"";"";"";"";""
"41";"2024-03-01 18:30:00";"WL.AI #5";"4500";"Push Press";"3";"60.0";"5";"";"";"";"";""
"41";"2024-03-01 18:30:00";"WL.AI #5";"4500";"Snatch Sots Press";"1";"20.0";"5";"";"";"";"";""
"41";"2024-03-01 18:30:00";"WL.AI #5";"4500";"Snatch Sots Press";"2";"20.0";"5";"";"";"";"";""
"41";"2024-03-01 18:30:00";"WL.AI #5";"4500";"Snatch Sots Press";"3";"20.0";"5";"";"";"";"";""
"41";"2024-03-01 18:30:00";"WL.AI #5";"4500";"Bicep Curl (Barbell)";"1";"40.0";"10";"";"";"";"";""
"41";"2024-03-01 18:30:00";"WL.AI #5";"4500";"Bicep Curl (Barbell)";"2";"40.0";"10";"";"";"";"";""
"41";"2024-03-01 18:30:00";"WL.AI #5";"4500";"Bicep Curl (Barbell)";"3";"40.0";"6";"";"";"";"";""
"42";"2024-03-03 12:45:00";"Fighter Pullup Challenge #16";"3600";"Pull Up";"1";"0.0";"9";"";"";"";"";""
"42";"2024-03-03 12:45:00";"Fighter Pullup Challenge #16";"3600";"Pull Up";"2";"0.0";"8";"";"";"";"";""
"42";"2024-03-03 12:45:00";"Fighter Pullup Challenge #16";"3600";"Pull Up";"3";"0.0";"8";"";"";"";"";""
"42";"2024-03-03 12:45:00";"Fighter Pullup Challenge #16";"3600";"Pull Up";"4";"0.0";"8";"";"";"";"";""
"42";"2024-03-03 12:45:00";"Fighter Pullup Challenge #16";"3600";"Pull Up";"5";"0.0";"8";"";"";"";"";""
"43";"2024-03-03 12:50:00";"Gripper #10";"3600";"Hand Gripper";"1";"68.0";"17";"";"";"";"";""
"43";"2024-03-03 12:50:00";"Gripper #10";"3600";"Hand Gripper";"2";"68.0";"17";"";"";"";"";""
"43";"2024-03-03 12:50:00";"Gripper #10";"3600";"Hand Gripper";"3";"68.0";"17";"";"";"";"";""
"43";"2024-03-03 12:50:00";"Gripper #10";"3600";"Hand Gripper";"4";"68.0";"17";"";"";"";"";""
"43";"2024-03-03 12:50:00";"Gripper #10";"3600";"Hand Gripper";"5";"68.0";"17";"";"";"";"";""
"44";"2024-03-05 12:46:00";"Fighter Pullup Challenge #17";"3600";"Pull Up";"1";"0.0";"9";"";"";"";"";""
"44";"2024-03-05 12:46:00";"Fighter Pullup Challenge #17";"3600";"Pull Up";"2";"0.0";"9";"";"";"";"";""
"44";"2024-03-05 12:46:00";"Fighter Pullup Challenge #17";"3600";"Pull Up";"3";"0.0";"8";"";"";"";"";""
"44";"2024-03-05 12:46:00";"Fighter Pullup Challenge #17";"3600";"Pull Up";"4";"0.0";"8";"";"";"";"";""
"44";"2024-03-05 12:46:00";"Fighter Pullup Challenge #17";"3600";"Pull Up";"5";"0.0";"8";"";"";"";"";""
"45";"2024-03-05 12:50:00";"Gripper #11";"3600";"Hand Gripper";"1";"68.0";"18";"";"";"";"";""
"45";"2024-03-05 12:50:00";"Gripper #11";"3600";"Hand Gripper";"2";"68.0";"18";"";"";"";"";""
"45";"2024-03-05 12:50:00";"Gripper #11";"3600";"Hand Gripper";"3";"68.0";"18";"";"";"";"";""
"45";"2024-03-05 12:50:00";"Gripper #11";"3600";"Hand Gripper";"4";"68.0";"18";"";"";"";"";""
"45";"2024-03-05 12:50:00";"Gripper #11";"3600";"Hand Gripper";"5";"68.0";"18";"";"";"";"";""
"46";"2024-03-07 12:51:00";"Gripper #12";"3600";"Hand Gripper";"1";"68.0";"15";"";"";"";"";""
"46";"2024-03-07 12:51:00";"Gripper #12";"3600";"Hand Gripper";"2";"68.0";"15";"";"";"";"";""
"46";"2024-03-07 12:51:00";"Gripper #12";"3600";"Hand Gripper";"3";"68.0";"15";"";"";"";"";""
"46";"2024-03-07 12:51:00";"Gripper #12";"3600";"Hand Gripper";"4";"68.0";"15";"";"";"";"";""
"46";"2024-03-07 12:51:00";"Gripper #12";"3600";"Hand Gripper";"5";"68.0";"15";"";"";"";"";""
"47";"2024-03-08 12:48:00";"Fighter Pullup Challenge #18";"3600";"Pull Up";"1";"0.0";"9";"";"";"";"";""
"47";"2024-03-08 12:48:00";"Fighter Pullup Challenge #18";"3600";"Pull Up";"2";"0.0";"9";"";"";"";"";""
"47";"2024-03-08 12:48:00";"Fighter Pullup Challenge #18";"3600";"Pull Up";"3";"0.0";"9";"";"";"";"";""
"47";"2024-03-08 12:48:00";"Fighter Pullup Challenge #18";"3600";"Pull Up";"4";"0.0";"8";"";"";"";"";""
"47";"2024-03-08 12:48:00";"Fighter Pullup Challenge #18";"3600";"Pull Up";"5";"0.0";"8";"";"";"";"";""
"48";"2024-03-08 18:00:00";"WL.AI #6";"3600";"Hang Snatch (Barbell)";"1";"50.0";"1";"";"";"";"";""
"48";"2024-03-08 18:00:00";"WL.AI #6";"3600";"Hang Snatch (Barbell)";"2";"50.0";"1";"";"";"";"";""
"48";"2024-03-08 18:00:00";"WL.AI #6";"3600";"Hang Snatch (Barbell)";"3";"50.0";"1";"";"";"";"";""
"48";"2024-03-08 18:00:00";"WL.AI #6";"3600";"Clean and Jerk (Barbell)";"1";"70.0";"1";"";"";"";"";""
"48";"2024-03-08 18:00:00";"WL.AI #6";"3600";"Clean and Jerk (Barbell)";"2";"70.0";"1";"";"";"";"";""
"48";"2024-03-08 18:00:00";"WL.AI #6";"3600";"Clean and Jerk (Barbell)";"3";"70.0";"1";"";"";"";"";""
"48";"2024-03-08 18:00:00";"WL.AI #6";"3600";"Clean and Jerk (Barbell)";"4";"70.0";"1";"";"";"";"";""
"48";"2024-03-08 18:00:00";"WL.AI #6";"3600";"Squat (Barbell)";"1";"100.0";"2";"";"";"";"";""
"48";"2024-03-08 18:00:00";"WL.AI #6";"3600";"Squat (Barbell)";"2";"100.0";"3";"";"";"";"";""
"48";"2024-03-08 18:00:00";"WL.AI #6";"3600";"Squat (Barbell)";"3";"100.0";"2";"";"";"";"";""
"48";"2024-03-08 18:00:00";"WL.AI #6";"3600";"Snatch Grip Deadlift";"1";"90.0";"5";"";"";"";"";""
"48";"2024-03-08 18:00:00";"WL.AI #6";"3600";"Snatch Grip Deadlift";"2";"110.0";"5";"";"";"";"";""
"48";"2024-03-08 18:00:00";"WL.AI #6";"3600";"Snatch Grip Deadlift";"3";"130.0";"3";"";"";"";"";""
"48";"2024-03-08 18:00:00";"WL.AI #6";"3600";"Snatch Grip Deadlift";"4";"150.0";"1";"";"";"";"";""
"48";"2024-03-08 18:00:00";"WL.AI #6";"3600";"Overhead Press (Barbell)";"1";"50.0";"5";"";"";"";"";""
"48";"2024-03-08 18:00:00";"WL.AI #6";"3600";"Overhead Press (Barbell)";"2";"60.0";"3";"";"";"";"";""
"48";"2024-03-08 18:00:00";"WL.AI #6";"3600";"Overhead Press (Barbell)";"3";"60.0";"3";"";"";"";"";""
"48";"2024-03-08 18:00:00";"WL.AI #6";"3600";"Zercher Goodmorning";"1";"60.0";"8";"";"";"";"";""
"49";"2024-03-09 13:38:49";"Gripper #13";"1172";"Hand Gripper";"1";"68.0";"19";"";"";"";"";""
"49";"2024-03-09 13:38:49";"Gripper #13";"1172";"Hand Gripper";"2";"68.0";"19";"";"";"";"";""
"49";"2024-03-09 13:38:49";"Gripper #13";"1172";"Hand Gripper";"3";"68.0";"19";"";"";"";"";""
"49";"2024-03-09 13:38:49";"Gripper #13";"1172";"Hand Gripper";"4";"68.0";"19";"";"";"";"";""
"49";"2024-03-09 13:38:49";"Gripper #13";"1172";"Hand Gripper";"5";"68.0";"19";"";"";"";"";""
"50";"2024-03-10 10:20:39";"Lafay triade n°1";"23";"Chest Dip";"1";"0.0";"5";"";"";"";"";""
"50";"2024-03-10 10:20:39";"Lafay triade n°1";"23";"Chest Dip";"2";"0.0";"5";"";"";"";"";""
"50";"2024-03-10 10:20:39";"Lafay triade n°1";"23";"Chest Dip";"3";"0.0";"5";"";"";"";"";""
"50";"2024-03-10 10:20:39";"Lafay triade n°1";"23";"Chest Dip";"4";"0.0";"5";"";"";"";"";""
"50";"2024-03-10 10:20:39";"Lafay triade n°1";"23";"Chest Dip";"5";"0.0";"5";"";"";"";"";""
"50";"2024-03-10 10:20:39";"Lafay triade n°1";"23";"Push Up";"Note";"";"";"";"";"";"Narrow";""
"50";"2024-03-10 10:20:39";"Lafay triade n°1";"23";"Push Up";"1";"0.0";"5";"";"";"";"";""
"50";"2024-03-10 10:20:39";"Lafay triade n°1";"23";"Push Up";"2";"0.0";"5";"";"";"";"";""
"50";"2024-03-10 10:20:39";"Lafay triade n°1";"23";"Push Up";"3";"0.0";"5";"";"";"";"";""
"50";"2024-03-10 10:20:39";"Lafay triade n°1";"23";"Push Up";"4";"0.0";"5";"";"";"";"";""
"50";"2024-03-10 10:20:39";"Lafay triade n°1";"23";"Push Up";"5";"0.0";"5";"";"";"";"";""
"50";"2024-03-10 10:20:39";"Lafay triade n°1";"23";"Push Up";"Note";"";"";"";"";"";"Wide";""
"50";"2024-03-10 10:20:39";"Lafay triade n°1";"23";"Push Up";"1";"0.0";"5";"";"";"";"";""
"50";"2024-03-10 10:20:39";"Lafay triade n°1";"23";"Push Up";"2";"0.0";"5";"";"";"";"";""
"50";"2024-03-10 10:20:39";"Lafay triade n°1";"23";"Push Up";"3";"0.0";"5";"";"";"";"";""
"50";"2024-03-10 10:20:39";"Lafay triade n°1";"23";"Push Up";"4";"0.0";"5";"";"";"";"";""
"50";"2024-03-10 10:20:39";"Lafay triade n°1";"23";"Push Up";"5";"0.0";"5";"";"";"";"";""
"51";"2024-03-10 12:18:08";"Fighter Pullup Challenge #19";"1094";"Pull Up";"1";"0.0";"9";"";"";"";"";""
"51";"2024-03-10 12:18:08";"Fighter Pullup Challenge #19";"1094";"Pull Up";"2";"0.0";"9";"";"";"";"";""
"51";"2024-03-10 12:18:08";"Fighter Pullup Challenge #19";"1094";"Pull Up";"3";"0.0";"9";"";"";"";"";""
"51";"2024-03-10 12:18:08";"Fighter Pullup Challenge #19";"1094";"Pull Up";"4";"0.0";"9";"";"";"";"";""
"51";"2024-03-10 12:18:08";"Fighter Pullup Challenge #19";"1094";"Pull Up";"5";"0.0";"8";"";"";"";"";""
"52";"2024-03-12 20:08:04";"Fighter Pullup Challenge #20";"2308";"Pull Up";"1";"0.0";"9";"";"";"";"";""
"52";"2024-03-12 20:08:04";"Fighter Pullup Challenge #20";"2308";"Pull Up";"2";"0.0";"9";"";"";"";"";""
"52";"2024-03-12 20:08:04";"Fighter Pullup Challenge #20";"2308";"Pull Up";"3";"0.0";"9";"";"";"";"";""
"52";"2024-03-12 20:08:04";"Fighter Pullup Challenge #20";"2308";"Pull Up";"4";"0.0";"9";"";"";"";"";""
"52";"2024-03-12 20:08:04";"Fighter Pullup Challenge #20";"2308";"Pull Up";"5";"0.0";"9";"";"";"";"";""
"52";"2024-03-12 20:08:04";"Fighter Pullup Challenge #20";"2308";"Pull Up";"6";"0.0";"15";"";"";"";"";""
"53";"2024-03-12 20:51:41";"Gripper #14";"707";"Hand Gripper";"1";"68.0";"15";"";"";"";"";""
"53";"2024-03-12 20:51:41";"Gripper #14";"707";"Hand Gripper";"2";"68.0";"15";"";"";"";"";""
"53";"2024-03-12 20:51:41";"Gripper #14";"707";"Hand Gripper";"3";"68.0";"15";"";"";"";"";""
"53";"2024-03-12 20:51:41";"Gripper #14";"707";"Hand Gripper";"4";"68.0";"15";"";"";"";"";""
"53";"2024-03-12 20:51:41";"Gripper #14";"707";"Hand Gripper";"5";"68.0";"15";"";"";"";"";""
"54";"2024-03-13 15:42:15";"Karhu 1.0.A #1";"5536";"Hang Snatch (Barbell)";"1";"40.0";"3";"";"";"";"";""
"54";"2024-03-13 15:42:15";"Karhu 1.0.A #1";"5536";"Hang Snatch (Barbell)";"2";"40.0";"3";"";"";"";"";""
"54";"2024-03-13 15:42:15";"Karhu 1.0.A #1";"5536";"Hang Snatch (Barbell)";"3";"40.0";"3";"";"";"";"";""
"54";"2024-03-13 15:42:15";"Karhu 1.0.A #1";"5536";"Hang Clean (Barbell)";"1";"50.0";"3";"";"";"";"";""
"54";"2024-03-13 15:42:15";"Karhu 1.0.A #1";"5536";"Hang Clean (Barbell)";"2";"50.0";"3";"";"";"";"";""
"54";"2024-03-13 15:42:15";"Karhu 1.0.A #1";"5536";"Hang Clean (Barbell)";"3";"50.0";"3";"";"";"";"";""
"54";"2024-03-13 15:42:15";"Karhu 1.0.A #1";"5536";"Split Jerk (Barbell)";"1";"50.0";"3";"";"";"";"";""
"54";"2024-03-13 15:42:15";"Karhu 1.0.A #1";"5536";"Split Jerk (Barbell)";"2";"50.0";"3";"";"";"";"";""
"54";"2024-03-13 15:42:15";"Karhu 1.0.A #1";"5536";"Split Jerk (Barbell)";"3";"50.0";"3";"";"";"";"";""
"54";"2024-03-13 15:42:15";"Karhu 1.0.A #1";"5536";"Bench Press (Barbell)";"1";"70.0";"5";"";"";"";"";""
"54";"2024-03-13 15:42:15";"Karhu 1.0.A #1";"5536";"Bench Press (Barbell)";"2";"70.0";"5";"";"";"";"";""
"54";"2024-03-13 15:42:15";"Karhu 1.0.A #1";"5536";"Bench Press (Barbell)";"3";"70.0";"5";"";"";"";"";""
"54";"2024-03-13 15:42:15";"Karhu 1.0.A #1";"5536";"Bench Press (Barbell)";"4";"70.0";"5";"";"";"";"";""
"54";"2024-03-13 15:42:15";"Karhu 1.0.A #1";"5536";"Bench Press (Barbell)";"5";"70.0";"15";"";"";"";"";""
"54";"2024-03-13 15:42:15";"Karhu 1.0.A #1";"5536";"Squat (Barbell)";"1";"90.0";"5";"";"";"";"";""
"54";"2024-03-13 15:42:15";"Karhu 1.0.A #1";"5536";"Squat (Barbell)";"2";"90.0";"5";"";"";"";"";""
"54";"2024-03-13 15:42:15";"Karhu 1.0.A #1";"5536";"Squat (Barbell)";"3";"90.0";"5";"";"";"";"";""
"54";"2024-03-13 15:42:15";"Karhu 1.0.A #1";"5536";"Squat (Barbell)";"4";"90.0";"5";"";"";"";"";""
"54";"2024-03-13 15:42:15";"Karhu 1.0.A #1";"5536";"Squat (Barbell)";"5";"90.0";"10";"";"";"";"";""
"54";"2024-03-13 15:42:15";"Karhu 1.0.A #1";"5536";"Bent Over Row (Barbell)";"1";"60.0";"10";"";"";"";"";""
"54";"2024-03-13 15:42:15";"Karhu 1.0.A #1";"5536";"Bent Over Row (Barbell)";"2";"60.0";"10";"";"";"";"";""
"54";"2024-03-13 15:42:15";"Karhu 1.0.A #1";"5536";"Bent Over Row (Barbell)";"3";"60.0";"10";"";"";"";"";""
"54";"2024-03-13 15:42:15";"Karhu 1.0.A #1";"5536";"Jefferson Curl";"1";"50.0";"5";"";"";"";"";""
"54";"2024-03-13 15:42:15";"Karhu 1.0.A #1";"5536";"Jefferson Curl";"2";"50.0";"5";"";"";"";"";""
"54";"2024-03-13 15:42:15";"Karhu 1.0.A #1";"5536";"Jefferson Curl";"3";"50.0";"5";"";"";"";"";""
"54";"2024-03-13 15:42:15";"Karhu 1.0.A #1";"5536";"Side Bend (Dumbbell)";"1";"50.0";"8";"";"";"";"";""
"54";"2024-03-13 15:42:15";"Karhu 1.0.A #1";"5536";"Side Bend (Dumbbell)";"2";"50.0";"5";"";"";"";"";""
"54";"2024-03-13 15:42:15";"Karhu 1.0.A #1";"5536";"Side Bend (Dumbbell)";"3";"50.0";"6";"";"";"";"";""
"54";"2024-03-13 15:42:15";"Karhu 1.0.A #1";"5536";"Chest Dip";"1";"0.0";"10";"";"";"";"";""
"54";"2024-03-13 15:42:15";"Karhu 1.0.A #1";"5536";"Chest Dip";"2";"0.0";"10";"";"";"";"";""
"54";"2024-03-13 15:42:15";"Karhu 1.0.A #1";"5536";"Chest Dip";"3";"0.0";"10";"";"";"";"";""
"54";"2024-03-13 15:42:15";"Karhu 1.0.A #1";"5536";"Upright Row (Barbell)";"1";"30.0";"15";"";"";"";"";""
"54";"2024-03-13 15:42:15";"Karhu 1.0.A #1";"5536";"Upright Row (Barbell)";"2";"30.0";"12";"";"";"";"";""
"54";"2024-03-13 15:42:15";"Karhu 1.0.A #1";"5536";"Upright Row (Barbell)";"3";"30.0";"12";"";"";"";"";""
"54";"2024-03-13 15:42:15";"Karhu 1.0.A #1";"5536";"Bicep Curl (Barbell)";"1";"30.0";"10";"";"";"";"";""
"54";"2024-03-13 15:42:15";"Karhu 1.0.A #1";"5536";"Bicep Curl (Barbell)";"2";"30.0";"5";"";"";"";"";""
"54";"2024-03-13 15:42:15";"Karhu 1.0.A #1";"5536";"Bicep Curl (Barbell)";"3";"30.0";"5";"";"";"";"";""
"55";"2024-03-14 20:42:19";"Fighter Pullup Challenge #21";"28";"Pull Up";"1";"0.0";"10";"";"";"";"";""
"55";"2024-03-14 20:42:19";"Fighter Pullup Challenge #21";"28";"Pull Up";"2";"0.0";"9";"";"";"";"";""
"55";"2024-03-14 20:42:19";"Fighter Pullup Challenge #21";"28";"Pull Up";"3";"0.0";"9";"";"";"";"";""
"55";"2024-03-14 20:42:19";"Fighter Pullup Challenge #21";"28";"Pull Up";"4";"0.0";"9";"";"";"";"";""
"55";"2024-03-14 20:42:19";"Fighter Pullup Challenge #21";"28";"Pull Up";"5";"0.0";"9";"";"";"";"";""
"56";"2024-03-14 21:27:23";"Gripper #15";"1455";"Hand Gripper";"1";"68.0";"16";"";"";"";"";""
"56";"2024-03-14 21:27:23";"Gripper #15";"1455";"Hand Gripper";"2";"68.0";"10";"";"";"";"";""
"56";"2024-03-14 21:27:23";"Gripper #15";"1455";"Hand Gripper";"3";"68.0";"10";"";"";"";"";""
"56";"2024-03-14 21:27:23";"Gripper #15";"1455";"Hand Gripper";"4";"68.0";"10";"";"";"";"";""
"56";"2024-03-14 21:27:23";"Gripper #15";"1455";"Hand Gripper";"5";"68.0";"10";"";"";"";"";""
"57";"2024-03-16 17:39:12";"Fighter Pullup Challenge #22";"1247";"Pull Up";"1";"0.0";"10";"";"";"";"";""
"57";"2024-03-16 17:39:12";"Fighter Pullup Challenge #22";"1247";"Pull Up";"2";"0.0";"10";"";"";"";"";""
"57";"2024-03-16 17:39:12";"Fighter Pullup Challenge #22";"1247";"Pull Up";"3";"0.0";"9";"";"";"";"";""
"57";"2024-03-16 17:39:12";"Fighter Pullup Challenge #22";"1247";"Pull Up";"4";"0.0";"9";"";"";"";"";""
"57";"2024-03-16 17:39:12";"Fighter Pullup Challenge #22";"1247";"Pull Up";"5";"0.0";"9";"";"";"";"";""
"58";"2024-03-17 12:47:43";"Karhu 1.0.B #2";"4281";"Snatch (Barbell)";"1";"50.0";"1";"";"";"";"";""
"58";"2024-03-17 12:47:43";"Karhu 1.0.B #2";"4281";"Snatch (Barbell)";"2";"50.0";"1";"";"";"";"";""
"58";"2024-03-17 12:47:43";"Karhu 1.0.B #2";"4281";"Snatch (Barbell)";"3";"50.0";"1";"";"";"";"";""
"58";"2024-03-17 12:47:43";"Karhu 1.0.B #2";"4281";"Snatch (Barbell)";"4";"50.0";"1";"";"";"";"";""
"58";"2024-03-17 12:47:43";"Karhu 1.0.B #2";"4281";"Snatch (Barbell)";"5";"50.0";"1";"";"";"";"";""
"58";"2024-03-17 12:47:43";"Karhu 1.0.B #2";"4281";"Clean and Jerk (Barbell)";"1";"60.0";"1";"";"";"";"";""
"58";"2024-03-17 12:47:43";"Karhu 1.0.B #2";"4281";"Clean and Jerk (Barbell)";"2";"60.0";"1";"";"";"";"";""
"58";"2024-03-17 12:47:43";"Karhu 1.0.B #2";"4281";"Clean and Jerk (Barbell)";"3";"60.0";"1";"";"";"";"";""
"58";"2024-03-17 12:47:43";"Karhu 1.0.B #2";"4281";"Clean and Jerk (Barbell)";"4";"60.0";"1";"";"";"";"";""
"58";"2024-03-17 12:47:43";"Karhu 1.0.B #2";"4281";"Clean and Jerk (Barbell)";"5";"60.0";"1";"";"";"";"";""
"58";"2024-03-17 12:47:43";"Karhu 1.0.B #2";"4281";"Deadlift (Barbell)";"1";"120.0";"5";"";"";"";"";""
"58";"2024-03-17 12:47:43";"Karhu 1.0.B #2";"4281";"Deadlift (Barbell)";"2";"120.0";"5";"";"";"";"";""
"58";"2024-03-17 12:47:43";"Karhu 1.0.B #2";"4281";"Deadlift (Barbell)";"3";"120.0";"5";"";"";"";"";""
"58";"2024-03-17 12:47:43";"Karhu 1.0.B #2";"4281";"Deadlift (Barbell)";"4";"120.0";"5";"";"";"";"";""
"58";"2024-03-17 12:47:43";"Karhu 1.0.B #2";"4281";"Deadlift (Barbell)";"5";"120.0";"10";"";"";"";"";""
"58";"2024-03-17 12:47:43";"Karhu 1.0.B #2";"4281";"Overhead Press (Barbell)";"1";"50.0";"5";"";"";"";"";""
"58";"2024-03-17 12:47:43";"Karhu 1.0.B #2";"4281";"Overhead Press (Barbell)";"2";"50.0";"5";"";"";"";"";""
"58";"2024-03-17 12:47:43";"Karhu 1.0.B #2";"4281";"Overhead Press (Barbell)";"3";"50.0";"5";"";"";"";"";""
"58";"2024-03-17 12:47:43";"Karhu 1.0.B #2";"4281";"Overhead Press (Barbell)";"4";"50.0";"5";"";"";"";"";""
"58";"2024-03-17 12:47:43";"Karhu 1.0.B #2";"4281";"Overhead Press (Barbell)";"5";"50.0";"8";"";"";"";"";""
"58";"2024-03-17 12:47:43";"Karhu 1.0.B #2";"4281";"Bent Over Row (Barbell)";"1";"62.0";"10";"";"";"";"";""
"58";"2024-03-17 12:47:43";"Karhu 1.0.B #2";"4281";"Bent Over Row (Barbell)";"2";"62.0";"10";"";"";"";"";""
"58";"2024-03-17 12:47:43";"Karhu 1.0.B #2";"4281";"Bent Over Row (Barbell)";"3";"62.0";"10";"";"";"";"";""
"58";"2024-03-17 12:47:43";"Karhu 1.0.B #2";"4281";"Chest Dip";"1";"0.0";"10";"";"";"";"";""
"58";"2024-03-17 12:47:43";"Karhu 1.0.B #2";"4281";"Chest Dip";"2";"0.0";"10";"";"";"";"";""
"58";"2024-03-17 12:47:43";"Karhu 1.0.B #2";"4281";"Chest Dip";"3";"0.0";"10";"";"";"";"";""
"58";"2024-03-17 12:47:43";"Karhu 1.0.B #2";"4281";"Jefferson Curl";"1";"52.0";"5";"";"";"";"";""
"58";"2024-03-17 12:47:43";"Karhu 1.0.B #2";"4281";"Jefferson Curl";"2";"52.0";"5";"";"";"";"";""
"58";"2024-03-17 12:47:43";"Karhu 1.0.B #2";"4281";"Jefferson Curl";"3";"52.0";"5";"";"";"";"";""
"58";"2024-03-17 12:47:43";"Karhu 1.0.B #2";"4281";"Side Bend (Dumbbell)";"1";"52.0";"8";"";"";"";"";""
"58";"2024-03-17 12:47:43";"Karhu 1.0.B #2";"4281";"Side Bend (Dumbbell)";"2";"52.0";"5";"";"";"";"";""
"58";"2024-03-17 12:47:43";"Karhu 1.0.B #2";"4281";"Side Bend (Dumbbell)";"3";"52.0";"5";"";"";"";"";""
"59";"2024-03-17 19:18:26";"Gripper #16";"681";"Hand Gripper";"1";"68.0";"10";"";"";"";"";""
"59";"2024-03-17 19:18:26";"Gripper #16";"681";"Hand Gripper";"2";"68.0";"10";"";"";"";"";""
"59";"2024-03-17 19:18:26";"Gripper #16";"681";"Hand Gripper";"3";"68.0";"10";"";"";"";"";""
"59";"2024-03-17 19:18:26";"Gripper #16";"681";"Hand Gripper";"4";"68.0";"10";"";"";"";"";""
"59";"2024-03-17 19:18:26";"Gripper #16";"681";"Hand Gripper";"5";"68.0";"10";"";"";"";"";""
"60";"2024-03-18 17:40:00";"Fighter Pullup Challenge #23";"1913";"Pull Up";"1";"0.0";"10";"";"";"";"";""
"60";"2024-03-18 17:40:00";"Fighter Pullup Challenge #23";"1913";"Pull Up";"2";"0.0";"10";"";"";"";"";""
"60";"2024-03-18 17:40:00";"Fighter Pullup Challenge #23";"1913";"Pull Up";"3";"0.0";"10";"";"";"";"";""
"60";"2024-03-18 17:40:00";"Fighter Pullup Challenge #23";"1913";"Pull Up";"4";"0.0";"9";"";"";"";"";""
"60";"2024-03-18 17:40:00";"Fighter Pullup Challenge #23";"1913";"Pull Up";"5";"0.0";"9";"";"";"";"";""
"61";"2024-03-20 13:40:19";"Fighter Pullup Challenge #24";"509";"Pull Up";"1";"0.0";"10";"";"";"";"";""
"61";"2024-03-20 13:40:19";"Fighter Pullup Challenge #24";"509";"Pull Up";"2";"0.0";"10";"";"";"";"";""
"61";"2024-03-20 13:40:19";"Fighter Pullup Challenge #24";"509";"Pull Up";"3";"0.0";"10";"";"";"";"";""
"61";"2024-03-20 13:40:19";"Fighter Pullup Challenge #24";"509";"Pull Up";"4";"0.0";"10";"";"";"";"";""
"61";"2024-03-20 13:40:19";"Fighter Pullup Challenge #24";"509";"Pull Up";"5";"0.0";"9";"";"";"";"";""
"62";"2024-03-20 18:23:15";"Karhu 1.0.C #3";"4696";"Power Snatch (Barbell)";"1";"50.0";"2";"";"";"";"";""
"62";"2024-03-20 18:23:15";"Karhu 1.0.C #3";"4696";"Power Snatch (Barbell)";"2";"50.0";"2";"";"";"";"";""
"62";"2024-03-20 18:23:15";"Karhu 1.0.C #3";"4696";"Power Snatch (Barbell)";"3";"50.0";"2";"";"";"";"";""
"62";"2024-03-20 18:23:15";"Karhu 1.0.C #3";"4696";"Power Snatch (Barbell)";"4";"50.0";"2";"";"";"";"";""
"62";"2024-03-20 18:23:15";"Karhu 1.0.C #3";"4696";"Power Snatch (Barbell)";"5";"50.0";"2";"";"";"";"";""
"62";"2024-03-20 18:23:15";"Karhu 1.0.C #3";"4696";"Power Clean";"1";"60.0";"2";"";"";"";"";""
"62";"2024-03-20 18:23:15";"Karhu 1.0.C #3";"4696";"Power Clean";"2";"60.0";"2";"";"";"";"";""
"62";"2024-03-20 18:23:15";"Karhu 1.0.C #3";"4696";"Power Clean";"3";"60.0";"2";"";"";"";"";""
"62";"2024-03-20 18:23:15";"Karhu 1.0.C #3";"4696";"Power Clean";"4";"60.0";"2";"";"";"";"";""
"62";"2024-03-20 18:23:15";"Karhu 1.0.C #3";"4696";"Power Clean";"5";"60.0";"2";"";"";"";"";""
"62";"2024-03-20 18:23:15";"Karhu 1.0.C #3";"4696";"Split Jerk (Barbell)";"1";"60.0";"2";"";"";"";"";""
"62";"2024-03-20 18:23:15";"Karhu 1.0.C #3";"4696";"Split Jerk (Barbell)";"2";"60.0";"2";"";"";"";"";""
"62";"2024-03-20 18:23:15";"Karhu 1.0.C #3";"4696";"Split Jerk (Barbell)";"3";"60.0";"2";"";"";"";"";""
"62";"2024-03-20 18:23:15";"Karhu 1.0.C #3";"4696";"Split Jerk (Barbell)";"4";"60.0";"2";"";"";"";"";""
"62";"2024-03-20 18:23:15";"Karhu 1.0.C #3";"4696";"Split Jerk (Barbell)";"5";"60.0";"2";"";"";"";"";""
"62";"2024-03-20 18:23:15";"Karhu 1.0.C #3";"4696";"Front Squat (Barbell)";"1";"70.0";"5";"";"";"";"";""
"62";"2024-03-20 18:23:15";"Karhu 1.0.C #3";"4696";"Front Squat (Barbell)";"2";"70.0";"5";"";"";"";"";""
"62";"2024-03-20 18:23:15";"Karhu 1.0.C #3";"4696";"Front Squat (Barbell)";"3";"70.0";"5";"";"";"";"";""
"62";"2024-03-20 18:23:15";"Karhu 1.0.C #3";"4696";"Front Squat (Barbell)";"4";"70.0";"5";"";"";"";"";""
"62";"2024-03-20 18:23:15";"Karhu 1.0.C #3";"4696";"Front Squat (Barbell)";"5";"70.0";"13";"";"";"";"";""
"62";"2024-03-20 18:23:15";"Karhu 1.0.C #3";"4696";"Push Press";"1";"56.0";"5";"";"";"";"";""
"62";"2024-03-20 18:23:15";"Karhu 1.0.C #3";"4696";"Push Press";"2";"56.0";"5";"";"";"";"";""
"62";"2024-03-20 18:23:15";"Karhu 1.0.C #3";"4696";"Push Press";"3";"56.0";"5";"";"";"";"";""
"62";"2024-03-20 18:23:15";"Karhu 1.0.C #3";"4696";"Push Press";"4";"56.0";"5";"";"";"";"";""
"62";"2024-03-20 18:23:15";"Karhu 1.0.C #3";"4696";"Push Press";"5";"56.0";"10";"";"";"";"";""
"62";"2024-03-20 18:23:15";"Karhu 1.0.C #3";"4696";"Jefferson Curl";"1";"56.0";"5";"";"";"";"";""
"62";"2024-03-20 18:23:15";"Karhu 1.0.C #3";"4696";"Jefferson Curl";"2";"56.0";"5";"";"";"";"";""
"62";"2024-03-20 18:23:15";"Karhu 1.0.C #3";"4696";"Jefferson Curl";"3";"56.0";"5";"";"";"";"";""
"62";"2024-03-20 18:23:15";"Karhu 1.0.C #3";"4696";"Side Bend (Dumbbell)";"1";"56.0";"8";"";"";"";"";""
"62";"2024-03-20 18:23:15";"Karhu 1.0.C #3";"4696";"Side Bend (Dumbbell)";"2";"56.0";"8";"";"";"";"";""
"62";"2024-03-20 18:23:15";"Karhu 1.0.C #3";"4696";"Side Bend (Dumbbell)";"3";"56.0";"5";"";"";"";"";""
"62";"2024-03-20 18:23:15";"Karhu 1.0.C #3";"4696";"Bicep Curl (Barbell)";"1";"34.0";"15";"";"";"";"";""
"62";"2024-03-20 18:23:15";"Karhu 1.0.C #3";"4696";"Bicep Curl (Barbell)";"2";"34.0";"12";"";"";"";"";""
"62";"2024-03-20 18:23:15";"Karhu 1.0.C #3";"4696";"Bicep Curl (Barbell)";"3";"34.0";"10";"";"";"";"";""
"62";"2024-03-20 18:23:15";"Karhu 1.0.C #3";"4696";"Bicep Curl (Barbell)";"4";"34.0";"10";"";"";"";"";""
"62";"2024-03-20 18:23:15";"Karhu 1.0.C #3";"4696";"Upright Row (Barbell)";"1";"34.0";"10";"";"";"";"";""
"62";"2024-03-20 18:23:15";"Karhu 1.0.C #3";"4696";"Upright Row (Barbell)";"2";"34.0";"10";"";"";"";"";""
"62";"2024-03-20 18:23:15";"Karhu 1.0.C #3";"4696";"Upright Row (Barbell)";"3";"34.0";"10";"";"";"";"";""
"62";"2024-03-20 18:23:15";"Karhu 1.0.C #3";"4696";"Upright Row (Barbell)";"4";"34.0";"10";"";"";"";"";""
"62";"2024-03-20 18:23:15";"Karhu 1.0.C #3";"4696";"Chest Dip";"1";"0.0";"10";"";"";"";"";""
"62";"2024-03-20 18:23:15";"Karhu 1.0.C #3";"4696";"Chest Dip";"2";"0.0";"10";"";"";"";"";""
"62";"2024-03-20 18:23:15";"Karhu 1.0.C #3";"4696";"Chest Dip";"3";"0.0";"10";"";"";"";"";""
"62";"2024-03-20 18:23:15";"Karhu 1.0.C #3";"4696";"Bent Over Row (Barbell)";"1";"64.0";"8";"";"";"";"";""
"62";"2024-03-20 18:23:15";"Karhu 1.0.C #3";"4696";"Bent Over Row (Barbell)";"2";"64.0";"8";"";"";"";"";""
"62";"2024-03-20 18:23:15";"Karhu 1.0.C #3";"4696";"Bent Over Row (Barbell)";"3";"64.0";"8";"";"";"";"";""
"63";"2024-03-21 22:32:03";"Gripper #17";"1598";"Hand Gripper";"1";"68.0";"16";"";"";"";"";""
"63";"2024-03-21 22:32:03";"Gripper #17";"1598";"Hand Gripper";"2";"68.0";"16";"";"";"";"";""
"63";"2024-03-21 22:32:03";"Gripper #17";"1598";"Hand Gripper";"3";"68.0";"16";"";"";"";"";""
"63";"2024-03-21 22:32:03";"Gripper #17";"1598";"Hand Gripper";"4";"68.0";"16";"";"";"";"";""
"63";"2024-03-21 22:32:03";"Gripper #17";"1598";"Hand Gripper";"5";"68.0";"16";"";"";"";"";""
"63";"2024-03-21 22:32:03";"Gripper #17";"1598";"Hand Gripper";"6";"45.0";"30";"";"";"";"";""
"63";"2024-03-21 22:32:03";"Gripper #17";"1598";"Hand Gripper";"7";"45.0";"30";"";"";"";"";""
"63";"2024-03-21 22:32:03";"Gripper #17";"1598";"Hand Gripper";"8";"45.0";"30";"";"";"";"";""
"63";"2024-03-21 22:32:03";"Gripper #17";"1598";"Pull Up";"1";"0.0";"20";"";"";"";"";""
"64";"2024-03-22 11:49:51";"Fighter Pullup Challenge #25";"924";"Pull Up";"1";"0.0";"10";"";"";"";"";""
"64";"2024-03-22 11:49:51";"Fighter Pullup Challenge #25";"924";"Pull Up";"2";"0.0";"10";"";"";"";"";""
"64";"2024-03-22 11:49:51";"Fighter Pullup Challenge #25";"924";"Pull Up";"3";"0.0";"10";"";"";"";"";""
"64";"2024-03-22 11:49:51";"Fighter Pullup Challenge #25";"924";"Pull Up";"4";"0.0";"10";"";"";"";"";""
"64";"2024-03-22 11:49:51";"Fighter Pullup Challenge #25";"924";"Pull Up";"5";"0.0";"10";"";"";"";"";""
"65";"2024-03-24 09:33:53";"Fighter Pullup Challenge #26";"5040";"Pull Up";"W";"0.0";"5";"";"";"";"";""
"65";"2024-03-24 09:33:53";"Fighter Pullup Challenge #26";"5040";"Pull Up";"1";"24.0";"4";"";"";"";"";""
"65";"2024-03-24 09:33:53";"Fighter Pullup Challenge #26";"5040";"Pull Up";"2";"24.0";"3";"";"";"";"";""
"65";"2024-03-24 09:33:53";"Fighter Pullup Challenge #26";"5040";"Pull Up";"3";"24.0";"3";"";"";"";"";""
"65";"2024-03-24 09:33:53";"Fighter Pullup Challenge #26";"5040";"Pull Up";"4";"0.0";"15";"";"";"";"";""
"65";"2024-03-24 09:33:53";"Fighter Pullup Challenge #26";"5040";"Pull Up";"5";"0.0";"10";"";"";"";"";""
"65";"2024-03-24 09:33:53";"Fighter Pullup Challenge #26";"5040";"Pull Up";"6";"0.0";"10";"";"";"";"";""
"66";"2024-03-24 16:42:50";"Karhu 1.0.A #4";"4599";"Hang Snatch (Barbell)";"1";"42.0";"2";"";"";"";"";""
"66";"2024-03-24 16:42:50";"Karhu 1.0.A #4";"4599";"Hang Snatch (Barbell)";"2";"42.0";"2";"";"";"";"";""
"66";"2024-03-24 16:42:50";"Karhu 1.0.A #4";"4599";"Hang Snatch (Barbell)";"3";"42.0";"2";"";"";"";"";""
"66";"2024-03-24 16:42:50";"Karhu 1.0.A #4";"4599";"Hang Snatch (Barbell)";"4";"42.0";"2";"";"";"";"";""
"66";"2024-03-24 16:42:50";"Karhu 1.0.A #4";"4599";"Hang Snatch (Barbell)";"5";"42.0";"2";"";"";"";"";""
"66";"2024-03-24 16:42:50";"Karhu 1.0.A #4";"4599";"Hang Clean (Barbell)";"1";"52.0";"2";"";"";"";"";""
"66";"2024-03-24 16:42:50";"Karhu 1.0.A #4";"4599";"Hang Clean (Barbell)";"2";"52.0";"2";"";"";"";"";""
"66";"2024-03-24 16:42:50";"Karhu 1.0.A #4";"4599";"Hang Clean (Barbell)";"3";"52.0";"2";"";"";"";"";""
"66";"2024-03-24 16:42:50";"Karhu 1.0.A #4";"4599";"Hang Clean (Barbell)";"4";"52.0";"2";"";"";"";"";""
"66";"2024-03-24 16:42:50";"Karhu 1.0.A #4";"4599";"Hang Clean (Barbell)";"5";"52.0";"2";"";"";"";"";""
"66";"2024-03-24 16:42:50";"Karhu 1.0.A #4";"4599";"Split Jerk (Barbell)";"1";"52.0";"2";"";"";"";"";""
"66";"2024-03-24 16:42:50";"Karhu 1.0.A #4";"4599";"Split Jerk (Barbell)";"2";"52.0";"2";"";"";"";"";""
"66";"2024-03-24 16:42:50";"Karhu 1.0.A #4";"4599";"Split Jerk (Barbell)";"3";"52.0";"2";"";"";"";"";""
"66";"2024-03-24 16:42:50";"Karhu 1.0.A #4";"4599";"Split Jerk (Barbell)";"4";"52.0";"2";"";"";"";"";""
"66";"2024-03-24 16:42:50";"Karhu 1.0.A #4";"4599";"Split Jerk (Barbell)";"5";"52.0";"2";"";"";"";"";""
"66";"2024-03-24 16:42:50";"Karhu 1.0.A #4";"4599";"Squat (Barbell)";"1";"96.0";"5";"";"";"";"";""
"66";"2024-03-24 16:42:50";"Karhu 1.0.A #4";"4599";"Squat (Barbell)";"2";"96.0";"5";"";"";"";"";""
"66";"2024-03-24 16:42:50";"Karhu 1.0.A #4";"4599";"Squat (Barbell)";"3";"96.0";"5";"";"";"";"";""
"66";"2024-03-24 16:42:50";"Karhu 1.0.A #4";"4599";"Squat (Barbell)";"4";"96.0";"5";"";"";"";"";""
"66";"2024-03-24 16:42:50";"Karhu 1.0.A #4";"4599";"Squat (Barbell)";"5";"100.0";"10";"";"";"";"";""
"66";"2024-03-24 16:42:50";"Karhu 1.0.A #4";"4599";"Bench Press (Barbell)";"1";"80.0";"5";"";"";"";"";""
"66";"2024-03-24 16:42:50";"Karhu 1.0.A #4";"4599";"Bench Press (Barbell)";"2";"80.0";"5";"";"";"";"";""
"66";"2024-03-24 16:42:50";"Karhu 1.0.A #4";"4599";"Bench Press (Barbell)";"3";"80.0";"5";"";"";"";"";""
"66";"2024-03-24 16:42:50";"Karhu 1.0.A #4";"4599";"Bench Press (Barbell)";"4";"80.0";"5";"";"";"";"";""
"66";"2024-03-24 16:42:50";"Karhu 1.0.A #4";"4599";"Bench Press (Barbell)";"5";"80.0";"12";"";"";"";"";""
"66";"2024-03-24 16:42:50";"Karhu 1.0.A #4";"4599";"Jefferson Curl";"1";"58.0";"5";"";"";"";"";""
"66";"2024-03-24 16:42:50";"Karhu 1.0.A #4";"4599";"Jefferson Curl";"2";"58.0";"5";"";"";"";"";""
"66";"2024-03-24 16:42:50";"Karhu 1.0.A #4";"4599";"Jefferson Curl";"3";"58.0";"5";"";"";"";"";""
"66";"2024-03-24 16:42:50";"Karhu 1.0.A #4";"4599";"Side Bend (Dumbbell)";"1";"58.0";"5";"";"";"";"";""
"66";"2024-03-24 16:42:50";"Karhu 1.0.A #4";"4599";"Side Bend (Dumbbell)";"2";"58.0";"5";"";"";"";"";""
"66";"2024-03-24 16:42:50";"Karhu 1.0.A #4";"4599";"Side Bend (Dumbbell)";"3";"58.0";"5";"";"";"";"";""
"66";"2024-03-24 16:42:50";"Karhu 1.0.A #4";"4599";"Bicep Curl (Barbell)";"1";"36.0";"13";"";"";"";"";""
"66";"2024-03-24 16:42:50";"Karhu 1.0.A #4";"4599";"Bicep Curl (Barbell)";"2";"36.0";"10";"";"";"";"";""
"66";"2024-03-24 16:42:50";"Karhu 1.0.A #4";"4599";"Bicep Curl (Barbell)";"3";"36.0";"10";"";"";"";"";""
"66";"2024-03-24 16:42:50";"Karhu 1.0.A #4";"4599";"Upright Row (Barbell)";"1";"36.0";"10";"";"";"";"";""
"66";"2024-03-24 16:42:50";"Karhu 1.0.A #4";"4599";"Upright Row (Barbell)";"2";"36.0";"7";"";"";"";"";""
"66";"2024-03-24 16:42:50";"Karhu 1.0.A #4";"4599";"Upright Row (Barbell)";"3";"36.0";"7";"";"";"";"";""
"66";"2024-03-24 16:42:50";"Karhu 1.0.A #4";"4599";"Chest Dip";"1";"0.0";"15";"";"";"";"";""
"66";"2024-03-24 16:42:50";"Karhu 1.0.A #4";"4599";"Chest Dip";"2";"0.0";"10";"";"";"";"";""
"66";"2024-03-24 16:42:50";"Karhu 1.0.A #4";"4599";"Chest Dip";"3";"0.0";"10";"";"";"";"";""
"66";"2024-03-24 16:42:50";"Karhu 1.0.A #4";"4599";"Bent Over Row (Barbell)";"1";"58.0";"13";"";"";"";"";""
"66";"2024-03-24 16:42:50";"Karhu 1.0.A #4";"4599";"Bent Over Row (Barbell)";"2";"58.0";"6";"";"";"";"";""
"66";"2024-03-24 16:42:50";"Karhu 1.0.A #4";"4599";"Bent Over Row (Barbell)";"3";"58.0";"8";"";"";"";"";""
"67";"2024-03-24 20:35:12";"Gripper #18";"879";"Hand Gripper";"1";"68.0";"17";"";"";"";"";""
"67";"2024-03-24 20:35:12";"Gripper #18";"879";"Hand Gripper";"2";"68.0";"17";"";"";"";"";""
"67";"2024-03-24 20:35:12";"Gripper #18";"879";"Hand Gripper";"3";"68.0";"17";"";"";"";"";""
"67";"2024-03-24 20:35:12";"Gripper #18";"879";"Hand Gripper";"4";"68.0";"17";"";"";"";"";""
"67";"2024-03-24 20:35:12";"Gripper #18";"879";"Hand Gripper";"5";"68.0";"17";"";"";"";"";""
"68";"2024-03-26 18:36:06";"Fighter Pullup Challenge #27";"1270";"Pull Up";"W";"0.0";"5";"";"";"";"";""
"68";"2024-03-26 18:36:06";"Fighter Pullup Challenge #27";"1270";"Pull Up";"1";"24.0";"4";"";"";"";"";""
"68";"2024-03-26 18:36:06";"Fighter Pullup Challenge #27";"1270";"Pull Up";"2";"24.0";"4";"";"";"";"";""
"68";"2024-03-26 18:36:06";"Fighter Pullup Challenge #27";"1270";"Pull Up";"3";"24.0";"4";"";"";"";"";""
"68";"2024-03-26 18:36:06";"Fighter Pullup Challenge #27";"1270";"Pull Up";"4";"0.0";"12";"";"";"";"";""
"68";"2024-03-26 18:36:06";"Fighter Pullup Challenge #27";"1270";"Pull Up";"5";"0.0";"12";"";"";"";"";""
"68";"2024-03-26 18:36:06";"Fighter Pullup Challenge #27";"1270";"Pull Up";"6";"0.0";"10";"";"";"";"";""
"69";"2024-03-27 20:24:35";"Gripper #19";"728";"Hand Gripper";"1";"68.0";"18";"";"";"";"";""
"69";"2024-03-27 20:24:35";"Gripper #19";"728";"Hand Gripper";"2";"68.0";"18";"";"";"";"";""
"69";"2024-03-27 20:24:35";"Gripper #19";"728";"Hand Gripper";"3";"68.0";"18";"";"";"";"";""
"69";"2024-03-27 20:24:35";"Gripper #19";"728";"Hand Gripper";"4";"68.0";"18";"";"";"";"";""
"69";"2024-03-27 20:24:35";"Gripper #19";"728";"Hand Gripper";"5";"68.0";"18";"";"";"";"";""
"70";"2024-03-28 19:41:13";"Karhu 1.0.B #5";"3780";"Snatch (Barbell)";"1";"20.0";"1";"";"";"";"";""
"70";"2024-03-28 19:41:13";"Karhu 1.0.B #5";"3780";"Snatch (Barbell)";"2";"30.0";"1";"";"";"";"";""
"70";"2024-03-28 19:41:13";"Karhu 1.0.B #5";"3780";"Snatch (Barbell)";"3";"40.0";"1";"";"";"";"";""
"70";"2024-03-28 19:41:13";"Karhu 1.0.B #5";"3780";"Clean and Jerk (Barbell)";"1";"50.0";"1";"";"";"";"";""
"70";"2024-03-28 19:41:13";"Karhu 1.0.B #5";"3780";"Clean and Jerk (Barbell)";"2";"60.0";"1";"";"";"";"";""
"70";"2024-03-28 19:41:13";"Karhu 1.0.B #5";"3780";"Clean and Jerk (Barbell)";"3";"70.0";"1";"";"";"";"";""
"70";"2024-03-28 19:41:13";"Karhu 1.0.B #5";"3780";"Clean and Jerk (Barbell)";"4";"80.0";"1";"";"";"";"";""
"70";"2024-03-28 19:41:13";"Karhu 1.0.B #5";"3780";"Deadlift (Barbell)";"1";"130.0";"5";"";"";"";"";""
"70";"2024-03-28 19:41:13";"Karhu 1.0.B #5";"3780";"Deadlift (Barbell)";"2";"130.0";"5";"";"";"";"";""
"70";"2024-03-28 19:41:13";"Karhu 1.0.B #5";"3780";"Deadlift (Barbell)";"3";"130.0";"5";"";"";"";"";""
"70";"2024-03-28 19:41:13";"Karhu 1.0.B #5";"3780";"Deadlift (Barbell)";"4";"130.0";"5";"";"";"";"";""
"70";"2024-03-28 19:41:13";"Karhu 1.0.B #5";"3780";"Deadlift (Barbell)";"5";"130.0";"8";"";"";"";"";""
"70";"2024-03-28 19:41:13";"Karhu 1.0.B #5";"3780";"Overhead Press (Barbell)";"1";"54.0";"5";"";"";"";"";""
"70";"2024-03-28 19:41:13";"Karhu 1.0.B #5";"3780";"Overhead Press (Barbell)";"2";"54.0";"5";"";"";"";"";""
"70";"2024-03-28 19:41:13";"Karhu 1.0.B #5";"3780";"Overhead Press (Barbell)";"3";"54.0";"5";"";"";"";"";""
"70";"2024-03-28 19:41:13";"Karhu 1.0.B #5";"3780";"Overhead Press (Barbell)";"4";"54.0";"5";"";"";"";"";""
"70";"2024-03-28 19:41:13";"Karhu 1.0.B #5";"3780";"Overhead Press (Barbell)";"5";"54.0";"6";"";"";"";"";""
"70";"2024-03-28 19:41:13";"Karhu 1.0.B #5";"3780";"Jefferson Curl";"1";"60.0";"5";"";"";"";"";""
"70";"2024-03-28 19:41:13";"Karhu 1.0.B #5";"3780";"Jefferson Curl";"2";"60.0";"5";"";"";"";"";""
"70";"2024-03-28 19:41:13";"Karhu 1.0.B #5";"3780";"Jefferson Curl";"3";"60.0";"5";"";"";"";"";""
"70";"2024-03-28 19:41:13";"Karhu 1.0.B #5";"3780";"Side Bend (Dumbbell)";"1";"60.0";"5";"";"";"";"";""
"70";"2024-03-28 19:41:13";"Karhu 1.0.B #5";"3780";"Side Bend (Dumbbell)";"2";"60.0";"5";"";"";"";"";""
"70";"2024-03-28 19:41:13";"Karhu 1.0.B #5";"3780";"Side Bend (Dumbbell)";"3";"60.0";"5";"";"";"";"";""
"70";"2024-03-28 19:41:13";"Karhu 1.0.B #5";"3780";"Bicep Curl (Barbell)";"1";"38.0";"8";"";"";"";"";""
"70";"2024-03-28 19:41:13";"Karhu 1.0.B #5";"3780";"Bicep Curl (Barbell)";"2";"38.0";"10";"";"";"";"";""
"70";"2024-03-28 19:41:13";"Karhu 1.0.B #5";"3780";"Bicep Curl (Barbell)";"3";"38.0";"8";"";"";"";"";""
"70";"2024-03-28 19:41:13";"Karhu 1.0.B #5";"3780";"Upright Row (Barbell)";"1";"38.0";"8";"";"";"";"";""
"70";"2024-03-28 19:41:13";"Karhu 1.0.B #5";"3780";"Upright Row (Barbell)";"2";"38.0";"8";"";"";"";"";""
"70";"2024-03-28 19:41:13";"Karhu 1.0.B #5";"3780";"Upright Row (Barbell)";"3";"38.0";"7";"";"";"";"";""
"70";"2024-03-28 19:41:13";"Karhu 1.0.B #5";"3780";"Bent Over Row (Barbell)";"1";"60.0";"10";"";"";"";"";""
"70";"2024-03-28 19:41:13";"Karhu 1.0.B #5";"3780";"Bent Over Row (Barbell)";"2";"60.0";"8";"";"";"";"";""
"70";"2024-03-28 19:41:13";"Karhu 1.0.B #5";"3780";"Bent Over Row (Barbell)";"3";"60.0";"8";"";"";"";"";""
"70";"2024-03-28 19:41:13";"Karhu 1.0.B #5";"3780";"Chest Dip";"1";"0.0";"8";"";"";"";"";""
"70";"2024-03-28 19:41:13";"Karhu 1.0.B #5";"3780";"Chest Dip";"2";"0.0";"10";"";"";"";"";""
"70";"2024-03-28 19:41:13";"Karhu 1.0.B #5";"3780";"Chest Dip";"3";"0.0";"8";"";"";"";"";""
"71";"2024-03-30 10:13:53";"Fighter Pullup Challenge #28";"1732";"Pull Up";"1";"0.0";"10";"";"";"";"";""
"71";"2024-03-30 10:13:53";"Fighter Pullup Challenge #28";"1732";"Pull Up";"2";"24.0";"4";"";"";"";"";""
"71";"2024-03-30 10:13:53";"Fighter Pullup Challenge #28";"1732";"Pull Up";"3";"24.0";"3";"";"";"";"";""
"71";"2024-03-30 10:13:53";"Fighter Pullup Challenge #28";"1732";"Pull Up";"4";"24.0";"3";"";"";"";"";""
"71";"2024-03-30 10:13:53";"Fighter Pullup Challenge #28";"1732";"Pull Up";"5";"0.0";"12";"";"";"";"";""
"71";"2024-03-30 10:13:53";"Fighter Pullup Challenge #28";"1732";"Pull Up";"6";"0.0";"11";"";"";"";"";""
"71";"2024-03-30 10:13:53";"Fighter Pullup Challenge #28";"1732";"Pull Up";"7";"0.0";"7";"";"";"";"";""
"72";"2024-03-30 13:15:45";"Gripper #20";"815";"Hand Gripper";"1";"68.0";"20";"";"";"";"";""
"72";"2024-03-30 13:15:45";"Gripper #20";"815";"Hand Gripper";"2";"68.0";"20";"";"";"";"";""
"72";"2024-03-30 13:15:45";"Gripper #20";"815";"Hand Gripper";"3";"68.0";"20";"";"";"";"";""
"72";"2024-03-30 13:15:45";"Gripper #20";"815";"Hand Gripper";"4";"68.0";"20";"";"";"";"";""
"72";"2024-03-30 13:15:45";"Gripper #20";"815";"Hand Gripper";"5";"68.0";"20";"";"";"";"";""
"73";"2024-03-31 17:28:02";"Karhu 1.0.C #6";"3989";"Power Snatch (Barbell)";"1";"30.0";"1";"";"";"";"";""
"73";"2024-03-31 17:28:02";"Karhu 1.0.C #6";"3989";"Power Snatch (Barbell)";"2";"40.0";"1";"";"";"";"";""
"73";"2024-03-31 17:28:02";"Karhu 1.0.C #6";"3989";"Power Snatch (Barbell)";"3";"50.0";"1";"";"";"";"";""
"73";"2024-03-31 17:28:02";"Karhu 1.0.C #6";"3989";"Power Snatch (Barbell)";"4";"60.0";"1";"";"";"";"";""
"73";"2024-03-31 17:28:02";"Karhu 1.0.C #6";"3989";"Power Clean";"1";"50.0";"1";"";"";"";"";""
"73";"2024-03-31 17:28:02";"Karhu 1.0.C #6";"3989";"Power Clean";"2";"60.0";"1";"";"";"";"";""
"73";"2024-03-31 17:28:02";"Karhu 1.0.C #6";"3989";"Power Clean";"3";"70.0";"1";"";"";"";"";""
"73";"2024-03-31 17:28:02";"Karhu 1.0.C #6";"3989";"Power Clean";"4";"80.0";"1";"";"";"";"";""
"73";"2024-03-31 17:28:02";"Karhu 1.0.C #6";"3989";"Power Clean";"5";"80.0";"1";"";"";"";"";""
"73";"2024-03-31 17:28:02";"Karhu 1.0.C #6";"3989";"Split Jerk (Barbell)";"1";"50.0";"1";"";"";"";"";""
"73";"2024-03-31 17:28:02";"Karhu 1.0.C #6";"3989";"Split Jerk (Barbell)";"2";"60.0";"1";"";"";"";"";""
"73";"2024-03-31 17:28:02";"Karhu 1.0.C #6";"3989";"Split Jerk (Barbell)";"3";"70.0";"1";"";"";"";"";""
"73";"2024-03-31 17:28:02";"Karhu 1.0.C #6";"3989";"Split Jerk (Barbell)";"4";"80.0";"1";"";"";"";"";""
"73";"2024-03-31 17:28:02";"Karhu 1.0.C #6";"3989";"Split Jerk (Barbell)";"5";"80.0";"1";"";"";"";"";""
"73";"2024-03-31 17:28:02";"Karhu 1.0.C #6";"3989";"Front Squat (Barbell)";"1";"80.0";"5";"";"";"";"";""
"73";"2024-03-31 17:28:02";"Karhu 1.0.C #6";"3989";"Front Squat (Barbell)";"2";"80.0";"5";"";"";"";"";""
"73";"2024-03-31 17:28:02";"Karhu 1.0.C #6";"3989";"Front Squat (Barbell)";"3";"80.0";"5";"";"";"";"";""
"73";"2024-03-31 17:28:02";"Karhu 1.0.C #6";"3989";"Front Squat (Barbell)";"4";"80.0";"5";"";"";"";"";""
"73";"2024-03-31 17:28:02";"Karhu 1.0.C #6";"3989";"Front Squat (Barbell)";"5";"80.0";"6";"";"";"";"";""
"73";"2024-03-31 17:28:02";"Karhu 1.0.C #6";"3989";"Push Press";"1";"60.0";"5";"";"";"";"";""
"73";"2024-03-31 17:28:02";"Karhu 1.0.C #6";"3989";"Push Press";"2";"60.0";"5";"";"";"";"";""
"73";"2024-03-31 17:28:02";"Karhu 1.0.C #6";"3989";"Push Press";"3";"60.0";"5";"";"";"";"";""
"73";"2024-03-31 17:28:02";"Karhu 1.0.C #6";"3989";"Push Press";"4";"60.0";"5";"";"";"";"";""
"73";"2024-03-31 17:28:02";"Karhu 1.0.C #6";"3989";"Push Press";"5";"60.0";"8";"";"";"";"";""
"73";"2024-03-31 17:28:02";"Karhu 1.0.C #6";"3989";"Jefferson Curl";"1";"62.0";"5";"";"";"";"";""
"73";"2024-03-31 17:28:02";"Karhu 1.0.C #6";"3989";"Jefferson Curl";"2";"62.0";"5";"";"";"";"";""
"73";"2024-03-31 17:28:02";"Karhu 1.0.C #6";"3989";"Jefferson Curl";"3";"62.0";"5";"";"";"";"";""
"73";"2024-03-31 17:28:02";"Karhu 1.0.C #6";"3989";"Side Bend (Dumbbell)";"1";"62.0";"5";"";"";"";"";""
"73";"2024-03-31 17:28:02";"Karhu 1.0.C #6";"3989";"Side Bend (Dumbbell)";"2";"62.0";"5";"";"";"";"";""
"73";"2024-03-31 17:28:02";"Karhu 1.0.C #6";"3989";"Side Bend (Dumbbell)";"3";"62.0";"5";"";"";"";"";""
"73";"2024-03-31 17:28:02";"Karhu 1.0.C #6";"3989";"Bicep Curl (Barbell)";"1";"40.0";"10";"";"";"";"";""
"73";"2024-03-31 17:28:02";"Karhu 1.0.C #6";"3989";"Bicep Curl (Barbell)";"2";"40.0";"11";"";"";"";"";""
"73";"2024-03-31 17:28:02";"Karhu 1.0.C #6";"3989";"Bicep Curl (Barbell)";"3";"40.0";"6";"";"";"";"";""
"73";"2024-03-31 17:28:02";"Karhu 1.0.C #6";"3989";"Upright Row (Barbell)";"1";"40.0";"10";"";"";"";"";""
"73";"2024-03-31 17:28:02";"Karhu 1.0.C #6";"3989";"Upright Row (Barbell)";"2";"40.0";"7";"";"";"";"";""
"73";"2024-03-31 17:28:02";"Karhu 1.0.C #6";"3989";"Upright Row (Barbell)";"3";"40.0";"6";"";"";"";"";""
"73";"2024-03-31 17:28:02";"Karhu 1.0.C #6";"3989";"Chest Dip";"1";"0.0";"10";"";"";"";"";""
"73";"2024-03-31 17:28:02";"Karhu 1.0.C #6";"3989";"Chest Dip";"2";"0.0";"6";"";"";"";"";""
"73";"2024-03-31 17:28:02";"Karhu 1.0.C #6";"3989";"Chest Dip";"3";"0.0";"6";"";"";"";"";""
"73";"2024-03-31 17:28:02";"Karhu 1.0.C #6";"3989";"Bent Over Row (Barbell)";"1";"62.0";"6";"";"";"";"";""
"73";"2024-03-31 17:28:02";"Karhu 1.0.C #6";"3989";"Bent Over Row (Barbell)";"2";"62.0";"6";"";"";"";"";""
"73";"2024-03-31 17:28:02";"Karhu 1.0.C #6";"3989";"Bent Over Row (Barbell)";"3";"62.0";"6";"";"";"";"";""
"74";"2024-03-31 19:49:59";"Gripper #21";"792";"Hand Gripper";"1";"68.0";"20";"";"";"";"";""
"74";"2024-03-31 19:49:59";"Gripper #21";"792";"Hand Gripper";"2";"68.0";"20";"";"";"";"";""
"74";"2024-03-31 19:49:59";"Gripper #21";"792";"Hand Gripper";"3";"68.0";"20";"";"";"";"";""
"74";"2024-03-31 19:49:59";"Gripper #21";"792";"Hand Gripper";"4";"68.0";"20";"";"";"";"";""
"74";"2024-03-31 19:49:59";"Gripper #21";"792";"Hand Gripper";"5";"68.0";"20";"";"";"";"";""
"75";"2024-04-01 16:35:23";"Fighter Pullup Challenge #29";"1704";"Pull Up";"1";"0.0";"15";"";"";"";"";""
"75";"2024-04-01 16:35:23";"Fighter Pullup Challenge #29";"1704";"Pull Up";"2";"24.0";"5";"";"";"";"";""
"75";"2024-04-01 16:35:23";"Fighter Pullup Challenge #29";"1704";"Pull Up";"3";"24.0";"3";"";"";"";"";""
"75";"2024-04-01 16:35:23";"Fighter Pullup Challenge #29";"1704";"Pull Up";"4";"24.0";"4";"";"";"";"";""
"75";"2024-04-01 16:35:23";"Fighter Pullup Challenge #29";"1704";"Pull Up";"5";"0.0";"13";"";"";"";"";""
"75";"2024-04-01 16:35:23";"Fighter Pullup Challenge #29";"1704";"Pull Up";"6";"0.0";"11";"";"";"";"";""
"75";"2024-04-01 16:35:23";"Fighter Pullup Challenge #29";"1704";"Pull Up";"7";"0.0";"10";"";"";"";"";""
"75";"2024-04-01 16:35:23";"Fighter Pullup Challenge #29";"1704";"Pull Up";"8";"0.0";"3";"";"";"";"";""
"76";"2024-04-03 17:57:26";"Fighter Pullup Challenge #30";"1646";"Pull Up";"1";"0.0";"12";"";"";"";"";""
"76";"2024-04-03 17:57:26";"Fighter Pullup Challenge #30";"1646";"Pull Up";"2";"24.0";"5";"";"";"";"";""
"76";"2024-04-03 17:57:26";"Fighter Pullup Challenge #30";"1646";"Pull Up";"3";"24.0";"4";"";"";"";"";""
"76";"2024-04-03 17:57:26";"Fighter Pullup Challenge #30";"1646";"Pull Up";"4";"24.0";"4";"";"";"";"";""
"76";"2024-04-03 17:57:26";"Fighter Pullup Challenge #30";"1646";"Pull Up";"5";"0.0";"15";"";"";"";"";""
"76";"2024-04-03 17:57:26";"Fighter Pullup Challenge #30";"1646";"Pull Up";"6";"0.0";"10";"";"";"";"";""
"76";"2024-04-03 17:57:26";"Fighter Pullup Challenge #30";"1646";"Pull Up";"7";"0.0";"12";"";"";"";"";""
"76";"2024-04-03 17:57:26";"Fighter Pullup Challenge #30";"1646";"Pull Up";"8";"0.0";"5";"";"";"";"";""
"77";"2024-04-03 19:23:26";"Gripper #22";"785";"Hand Gripper";"1";"68.0";"20";"";"";"";"";""
"77";"2024-04-03 19:23:26";"Gripper #22";"785";"Hand Gripper";"2";"68.0";"20";"";"";"";"";""
"77";"2024-04-03 19:23:26";"Gripper #22";"785";"Hand Gripper";"3";"68.0";"20";"";"";"";"";""
"77";"2024-04-03 19:23:26";"Gripper #22";"785";"Hand Gripper";"4";"68.0";"20";"";"";"";"";""
"77";"2024-04-03 19:23:26";"Gripper #22";"785";"Hand Gripper";"5";"68.0";"20";"";"";"";"";""
"78";"2024-04-05 14:43:20";"Fighter Pullup Challenge #31";"1825";"Pull Up";"1";"0.0";"15";"";"";"";"";""
"78";"2024-04-05 14:43:20";"Fighter Pullup Challenge #31";"1825";"Pull Up";"2";"24.0";"6";"";"";"";"";""
"78";"2024-04-05 14:43:20";"Fighter Pullup Challenge #31";"1825";"Pull Up";"3";"24.0";"4";"";"";"";"";""
"78";"2024-04-05 14:43:20";"Fighter Pullup Challenge #31";"1825";"Pull Up";"4";"24.0";"4";"";"";"";"";""
"78";"2024-04-05 14:43:20";"Fighter Pullup Challenge #31";"1825";"Pull Up";"5";"0.0";"16";"";"";"";"";""
"78";"2024-04-05 14:43:20";"Fighter Pullup Challenge #31";"1825";"Pull Up";"6";"0.0";"10";"";"";"";"";""
"78";"2024-04-05 14:43:20";"Fighter Pullup Challenge #31";"1825";"Pull Up";"7";"0.0";"10";"";"";"";"";""
"78";"2024-04-05 14:43:20";"Fighter Pullup Challenge #31";"1825";"Pull Up";"8";"0.0";"6";"";"";"";"";""
"79";"2024-04-05 19:36:29";"HBB #1";"2488";"Chest Dip";"1";"0.0";"10";"";"";"";"";""
"79";"2024-04-05 19:36:29";"HBB #1";"2488";"Chest Dip";"2";"0.0";"10";"";"";"";"";""
"79";"2024-04-05 19:36:29";"HBB #1";"2488";"Chest Dip";"3";"0.0";"6";"";"";"";"";""
"79";"2024-04-05 19:36:29";"HBB #1";"2488";"Chest Dip";"4";"0.0";"5";"";"";"";"";""
"79";"2024-04-05 19:36:29";"HBB #1";"2488";"Chest Dip";"5";"0.0";"5";"";"";"";"";""
"79";"2024-04-05 19:36:29";"HBB #1";"2488";"Overhead Press (Unilateral)";"1";"24.0";"5";"";"";"";"";""
"79";"2024-04-05 19:36:29";"HBB #1";"2488";"Overhead Press (Unilateral)";"2";"24.0";"5";"";"";"";"";""
"79";"2024-04-05 19:36:29";"HBB #1";"2488";"Overhead Press (Unilateral)";"3";"24.0";"5";"";"";"";"";""
"79";"2024-04-05 19:36:29";"HBB #1";"2488";"Overhead Press (Unilateral)";"4";"24.0";"5";"";"";"";"";""
"79";"2024-04-05 19:36:29";"HBB #1";"2488";"Overhead Press (Unilateral)";"5";"24.0";"5";"";"";"";"";""
"79";"2024-04-05 19:36:29";"HBB #1";"2488";"Push Up";"1";"0.0";"10";"";"";"";"";""
"79";"2024-04-05 19:36:29";"HBB #1";"2488";"Push Up";"2";"0.0";"10";"";"";"";"";""
"79";"2024-04-05 19:36:29";"HBB #1";"2488";"Push Up";"3";"0.0";"10";"";"";"";"";""
"79";"2024-04-05 19:36:29";"HBB #1";"2488";"Push Up";"4";"0.0";"5";"";"";"";"";""
"79";"2024-04-05 19:36:29";"HBB #1";"2488";"Push Up";"5";"0.0";"5";"";"";"";"";""
"79";"2024-04-05 19:36:29";"HBB #1";"2488";"Ab Wheel";"1";"0.0";"5";"";"";"";"";""
"79";"2024-04-05 19:36:29";"HBB #1";"2488";"Ab Wheel";"2";"0.0";"5";"";"";"";"";""
"79";"2024-04-05 19:36:29";"HBB #1";"2488";"Ab Wheel";"3";"0.0";"5";"";"";"";"";""
"79";"2024-04-05 19:36:29";"HBB #1";"2488";"Ab Wheel";"4";"0.0";"5";"";"";"";"";""
"79";"2024-04-05 19:36:29";"HBB #1";"2488";"Ab Wheel";"5";"0.0";"5";"";"";"";"";""
"79";"2024-04-05 19:36:29";"HBB #1";"2488";"Crunch";"1";"24.0";"5";"";"";"";"";""
"79";"2024-04-05 19:36:29";"HBB #1";"2488";"Crunch";"2";"24.0";"5";"";"";"";"";""
"79";"2024-04-05 19:36:29";"HBB #1";"2488";"Crunch";"3";"24.0";"5";"";"";"";"";""
"79";"2024-04-05 19:36:29";"HBB #1";"2488";"Crunch";"4";"24.0";"5";"";"";"";"";""
"79";"2024-04-05 19:36:29";"HBB #1";"2488";"Crunch";"5";"24.0";"5";"";"";"";"";""
"79";"2024-04-05 19:36:29";"HBB #1";"2488";"Weighted Russian Twist";"1";"24.0";"5";"";"";"";"";""
"79";"2024-04-05 19:36:29";"HBB #1";"2488";"Weighted Russian Twist";"2";"24.0";"5";"";"";"";"";""
"79";"2024-04-05 19:36:29";"HBB #1";"2488";"Weighted Russian Twist";"3";"24.0";"5";"";"";"";"";""
"79";"2024-04-05 19:36:29";"HBB #1";"2488";"Weighted Russian Twist";"4";"24.0";"5";"";"";"";"";""
"79";"2024-04-05 19:36:29";"HBB #1";"2488";"Weighted Russian Twist";"5";"24.0";"5";"";"";"";"";""
"79";"2024-04-05 19:36:29";"HBB #1";"2488";"Pistol Squat";"1";"0.0";"5";"";"";"";"";""
"79";"2024-04-05 19:36:29";"HBB #1";"2488";"Pistol Squat";"2";"0.0";"5";"";"";"";"";""
"79";"2024-04-05 19:36:29";"HBB #1";"2488";"Pistol Squat";"3";"0.0";"5";"";"";"";"";""
"79";"2024-04-05 19:36:29";"HBB #1";"2488";"Pistol Squat";"4";"0.0";"5";"";"";"";"";""
"79";"2024-04-05 19:36:29";"HBB #1";"2488";"Pistol Squat";"5";"0.0";"5";"";"";"";"";""
"79";"2024-04-05 19:36:29";"HBB #1";"2488";"Standing Calf Raise (Bodyweight)";"1";"";"15";"";"";"";"";""
"79";"2024-04-05 19:36:29";"HBB #1";"2488";"Standing Calf Raise (Bodyweight)";"2";"";"15";"";"";"";"";""
"79";"2024-04-05 19:36:29";"HBB #1";"2488";"Standing Calf Raise (Bodyweight)";"3";"";"15";"";"";"";"";""
"79";"2024-04-05 19:36:29";"HBB #1";"2488";"Standing Calf Raise (Bodyweight)";"4";"";"15";"";"";"";"";""
"79";"2024-04-05 19:36:29";"HBB #1";"2488";"Standing Calf Raise (Bodyweight)";"5";"";"15";"";"";"";"";""
"80";"2024-04-05 20:28:32";"Gripper #23";"967";"Hand Gripper";"1";"68.0";"25";"";"";"";"";""
"80";"2024-04-05 20:28:32";"Gripper #23";"967";"Hand Gripper";"2";"68.0";"20";"";"";"";"";""
"80";"2024-04-05 20:28:32";"Gripper #23";"967";"Hand Gripper";"3";"68.0";"20";"";"";"";"";""
"80";"2024-04-05 20:28:32";"Gripper #23";"967";"Hand Gripper";"4";"68.0";"20";"";"";"";"";""
"80";"2024-04-05 20:28:32";"Gripper #23";"967";"Hand Gripper";"5";"68.0";"20";"";"";"";"";""
"81";"2024-04-07 17:05:58";"Karhu 1.0.A #7";"5041";"Hang Snatch (Barbell)";"1";"30.0";"1";"";"";"";"";""
"81";"2024-04-07 17:05:58";"Karhu 1.0.A #7";"5041";"Hang Snatch (Barbell)";"2";"40.0";"1";"";"";"";"";""
"81";"2024-04-07 17:05:58";"Karhu 1.0.A #7";"5041";"Hang Snatch (Barbell)";"3";"50.0";"1";"";"";"";"";""
"81";"2024-04-07 17:05:58";"Karhu 1.0.A #7";"5041";"Hang Snatch (Barbell)";"4";"60.0";"1";"";"";"";"";""
"81";"2024-04-07 17:05:58";"Karhu 1.0.A #7";"5041";"Hang Snatch (Barbell)";"5";"50.0";"1";"";"";"";"";""
"81";"2024-04-07 17:05:58";"Karhu 1.0.A #7";"5041";"Hang Clean (Barbell)";"1";"50.0";"1";"";"";"";"";""
"81";"2024-04-07 17:05:58";"Karhu 1.0.A #7";"5041";"Hang Clean (Barbell)";"2";"60.0";"1";"";"";"";"";""
"81";"2024-04-07 17:05:58";"Karhu 1.0.A #7";"5041";"Hang Clean (Barbell)";"3";"60.0";"1";"";"";"";"";""
"81";"2024-04-07 17:05:58";"Karhu 1.0.A #7";"5041";"Hang Clean (Barbell)";"4";"70.0";"1";"";"";"";"";""
"81";"2024-04-07 17:05:58";"Karhu 1.0.A #7";"5041";"Hang Clean (Barbell)";"5";"70.0";"1";"";"";"";"";""
"81";"2024-04-07 17:05:58";"Karhu 1.0.A #7";"5041";"Split Jerk (Barbell)";"1";"50.0";"1";"";"";"";"";""
"81";"2024-04-07 17:05:58";"Karhu 1.0.A #7";"5041";"Split Jerk (Barbell)";"2";"60.0";"1";"";"";"";"";""
"81";"2024-04-07 17:05:58";"Karhu 1.0.A #7";"5041";"Split Jerk (Barbell)";"3";"60.0";"1";"";"";"";"";""
"81";"2024-04-07 17:05:58";"Karhu 1.0.A #7";"5041";"Split Jerk (Barbell)";"4";"70.0";"1";"";"";"";"";""
"81";"2024-04-07 17:05:58";"Karhu 1.0.A #7";"5041";"Split Jerk (Barbell)";"5";"70.0";"1";"";"";"";"";""
"81";"2024-04-07 17:05:58";"Karhu 1.0.A #7";"5041";"Squat (Barbell)";"1";"104.0";"5";"";"";"";"";""
"81";"2024-04-07 17:05:58";"Karhu 1.0.A #7";"5041";"Squat (Barbell)";"2";"104.0";"5";"";"";"";"";""
"81";"2024-04-07 17:05:58";"Karhu 1.0.A #7";"5041";"Squat (Barbell)";"3";"104.0";"5";"";"";"";"";""
"81";"2024-04-07 17:05:58";"Karhu 1.0.A #7";"5041";"Squat (Barbell)";"4";"104.0";"5";"";"";"";"";""
"81";"2024-04-07 17:05:58";"Karhu 1.0.A #7";"5041";"Squat (Barbell)";"5";"104.0";"9";"";"";"";"";""
"81";"2024-04-07 17:05:58";"Karhu 1.0.A #7";"5041";"Bench Press (Barbell)";"1";"90.0";"5";"";"";"";"";""
"81";"2024-04-07 17:05:58";"Karhu 1.0.A #7";"5041";"Bench Press (Barbell)";"2";"90.0";"5";"";"";"";"";""
"81";"2024-04-07 17:05:58";"Karhu 1.0.A #7";"5041";"Bench Press (Barbell)";"3";"90.0";"5";"";"";"";"";""
"81";"2024-04-07 17:05:58";"Karhu 1.0.A #7";"5041";"Bench Press (Barbell)";"4";"90.0";"5";"";"";"";"";""
"81";"2024-04-07 17:05:58";"Karhu 1.0.A #7";"5041";"Bench Press (Barbell)";"5";"90.0";"10";"";"";"";"";""
"81";"2024-04-07 17:05:58";"Karhu 1.0.A #7";"5041";"Jefferson Curl";"1";"64.0";"5";"";"";"";"";""
"81";"2024-04-07 17:05:58";"Karhu 1.0.A #7";"5041";"Jefferson Curl";"2";"64.0";"5";"";"";"";"";""
"81";"2024-04-07 17:05:58";"Karhu 1.0.A #7";"5041";"Jefferson Curl";"3";"64.0";"5";"";"";"";"";""
"81";"2024-04-07 17:05:58";"Karhu 1.0.A #7";"5041";"Side Bend (Dumbbell)";"1";"64.0";"5";"";"";"";"";""
"81";"2024-04-07 17:05:58";"Karhu 1.0.A #7";"5041";"Side Bend (Dumbbell)";"2";"64.0";"5";"";"";"";"";""
"81";"2024-04-07 17:05:58";"Karhu 1.0.A #7";"5041";"Side Bend (Dumbbell)";"3";"64.0";"5";"";"";"";"";""
"81";"2024-04-07 17:05:58";"Karhu 1.0.A #7";"5041";"Bicep Curl (Barbell)";"1";"42.0";"10";"";"";"";"";""
"81";"2024-04-07 17:05:58";"Karhu 1.0.A #7";"5041";"Bicep Curl (Barbell)";"2";"42.0";"7";"";"";"";"";""
"81";"2024-04-07 17:05:58";"Karhu 1.0.A #7";"5041";"Bicep Curl (Barbell)";"3";"42.0";"7";"";"";"";"";""
"81";"2024-04-07 17:05:58";"Karhu 1.0.A #7";"5041";"Upright Row (Barbell)";"1";"42.0";"8";"";"";"";"";""
"81";"2024-04-07 17:05:58";"Karhu 1.0.A #7";"5041";"Upright Row (Barbell)";"2";"42.0";"5";"";"";"";"";""
"81";"2024-04-07 17:05:58";"Karhu 1.0.A #7";"5041";"Upright Row (Barbell)";"3";"42.0";"5";"";"";"";"";""
"82";"2024-04-08 18:40:28";"Fighter Pullup Challenge #32";"1910";"Pull Up";"1";"0.0";"16";"";"";"";"";""
"82";"2024-04-08 18:40:28";"Fighter Pullup Challenge #32";"1910";"Pull Up";"2";"24.0";"7";"";"";"";"";""
"82";"2024-04-08 18:40:28";"Fighter Pullup Challenge #32";"1910";"Pull Up";"3";"24.0";"5";"";"";"";"";""
"82";"2024-04-08 18:40:28";"Fighter Pullup Challenge #32";"1910";"Pull Up";"4";"24.0";"5";"";"";"";"";""
"82";"2024-04-08 18:40:28";"Fighter Pullup Challenge #32";"1910";"Pull Up";"5";"0.0";"16";"";"";"";"";""
"82";"2024-04-08 18:40:28";"Fighter Pullup Challenge #32";"1910";"Pull Up";"6";"0.0";"12";"";"";"";"";""
"82";"2024-04-08 18:40:28";"Fighter Pullup Challenge #32";"1910";"Pull Up";"7";"0.0";"13";"";"";"";"";""
"82";"2024-04-08 18:40:28";"Fighter Pullup Challenge #32";"1910";"Pull Up";"8";"0.0";"10";"";"";"";"";""
"83";"2024-04-08 20:45:04";"Gripper #24";"775";"Hand Gripper";"1";"68.0";"20";"";"";"";"";""
"83";"2024-04-08 20:45:04";"Gripper #24";"775";"Hand Gripper";"2";"68.0";"20";"";"";"";"";""
"83";"2024-04-08 20:45:04";"Gripper #24";"775";"Hand Gripper";"3";"68.0";"20";"";"";"";"";""
"83";"2024-04-08 20:45:04";"Gripper #24";"775";"Hand Gripper";"4";"68.0";"20";"";"";"";"";""
"83";"2024-04-08 20:45:04";"Gripper #24";"775";"Hand Gripper";"5";"68.0";"20";"";"";"";"";""
"84";"2024-04-11 18:30:00";"Fighter Pullup Challenge #33";"5356";"Pull Up";"1";"0.0";"10";"";"";"";"";""
"84";"2024-04-11 18:30:00";"Fighter Pullup Challenge #33";"5356";"Pull Up";"2";"0.0";"10";"";"";"";"";""
"84";"2024-04-11 18:30:00";"Fighter Pullup Challenge #33";"5356";"Pull Up";"3";"0.0";"10";"";"";"";"";""
"84";"2024-04-11 18:30:00";"Fighter Pullup Challenge #33";"5356";"Pull Up";"4";"0.0";"10";"";"";"";"";""
"84";"2024-04-11 18:30:00";"Fighter Pullup Challenge #33";"5356";"Pull Up";"5";"0.0";"10";"";"";"";"";""
"84";"2024-04-11 18:30:00";"Fighter Pullup Challenge #33";"5356";"Pull Up";"6";"0.0";"10";"";"";"";"";""
"84";"2024-04-11 18:30:00";"Fighter Pullup Challenge #33";"5356";"Pull Up";"7";"0.0";"10";"";"";"";"";""
"84";"2024-04-11 18:30:00";"Fighter Pullup Challenge #33";"5356";"Pull Up";"8";"0.0";"10";"";"";"";"";""
"84";"2024-04-11 18:30:00";"Fighter Pullup Challenge #33";"5356";"Pull Up";"9";"0.0";"10";"";"";"";"";""
"84";"2024-04-11 18:30:00";"Fighter Pullup Challenge #33";"5356";"Pull Up";"10";"0.0";"10";"";"";"";"";""
"85";"2024-04-11 23:40:00";"Gripper #25";"1091";"Hand Gripper";"1";"68.0";"15";"";"";"";"";""
"85";"2024-04-11 23:40:00";"Gripper #25";"1091";"Hand Gripper";"2";"68.0";"15";"";"";"";"";""
"85";"2024-04-11 23:40:00";"Gripper #25";"1091";"Hand Gripper";"3";"68.0";"15";"";"";"";"";""
"85";"2024-04-11 23:40:00";"Gripper #25";"1091";"Hand Gripper";"4";"68.0";"15";"";"";"";"";""
"85";"2024-04-11 23:40:00";"Gripper #25";"1091";"Hand Gripper";"5";"68.0";"15";"";"";"";"";""
"86";"2024-04-12 19:16:28";"Karhu 1.0.B #8";"4518";"Power Snatch (Barbell)";"1";"50.0";"1";"";"";"";"";""
"86";"2024-04-12 19:16:28";"Karhu 1.0.B #8";"4518";"Power Snatch (Barbell)";"2";"50.0";"1";"";"";"";"";""
"86";"2024-04-12 19:16:28";"Karhu 1.0.B #8";"4518";"Power Snatch (Barbell)";"3";"50.0";"1";"";"";"";"";""
"86";"2024-04-12 19:16:28";"Karhu 1.0.B #8";"4518";"Power Snatch (Barbell)";"4";"50.0";"1";"";"";"";"";""
"86";"2024-04-12 19:16:28";"Karhu 1.0.B #8";"4518";"Power Clean";"1";"50.0";"1";"";"";"";"";""
"86";"2024-04-12 19:16:28";"Karhu 1.0.B #8";"4518";"Power Clean";"2";"60.0";"1";"";"";"";"";""
"86";"2024-04-12 19:16:28";"Karhu 1.0.B #8";"4518";"Power Clean";"3";"70.0";"1";"";"";"";"";""
"86";"2024-04-12 19:16:28";"Karhu 1.0.B #8";"4518";"Power Clean";"4";"80.0";"1";"";"";"";"";""
"86";"2024-04-12 19:16:28";"Karhu 1.0.B #8";"4518";"Power Clean";"5";"90.0";"1";"";"";"";"";""
"86";"2024-04-12 19:16:28";"Karhu 1.0.B #8";"4518";"Push Press";"1";"50.0";"1";"";"";"";"";""
"86";"2024-04-12 19:16:28";"Karhu 1.0.B #8";"4518";"Push Press";"2";"60.0";"1";"";"";"";"";""
"86";"2024-04-12 19:16:28";"Karhu 1.0.B #8";"4518";"Push Press";"3";"70.0";"1";"";"";"";"";""
"86";"2024-04-12 19:16:28";"Karhu 1.0.B #8";"4518";"Push Press";"4";"80.0";"1";"";"";"";"";""
"86";"2024-04-12 19:16:28";"Karhu 1.0.B #8";"4518";"Push Press";"5";"90.0";"1";"";"";"";"";""
"86";"2024-04-12 19:16:28";"Karhu 1.0.B #8";"4518";"Deadlift (Barbell)";"1";"150.0";"3";"";"";"";"";""
"86";"2024-04-12 19:16:28";"Karhu 1.0.B #8";"4518";"Deadlift (Barbell)";"2";"150.0";"3";"";"";"";"";""
"86";"2024-04-12 19:16:28";"Karhu 1.0.B #8";"4518";"Deadlift (Barbell)";"3";"150.0";"3";"";"";"";"";""
"86";"2024-04-12 19:16:28";"Karhu 1.0.B #8";"4518";"Deadlift (Barbell)";"4";"150.0";"3";"";"";"";"";""
"86";"2024-04-12 19:16:28";"Karhu 1.0.B #8";"4518";"Deadlift (Barbell)";"5";"150.0";"5";"";"";"";"";""
"86";"2024-04-12 19:16:28";"Karhu 1.0.B #8";"4518";"Overhead Press (Barbell)";"1";"56.0";"5";"";"";"";"";""
"86";"2024-04-12 19:16:28";"Karhu 1.0.B #8";"4518";"Overhead Press (Barbell)";"2";"56.0";"5";"";"";"";"";""
"86";"2024-04-12 19:16:28";"Karhu 1.0.B #8";"4518";"Overhead Press (Barbell)";"3";"56.0";"5";"";"";"";"";""
"86";"2024-04-12 19:16:28";"Karhu 1.0.B #8";"4518";"Overhead Press (Barbell)";"4";"56.0";"5";"";"";"";"";""
"86";"2024-04-12 19:16:28";"Karhu 1.0.B #8";"4518";"Overhead Press (Barbell)";"5";"56.0";"8";"";"";"";"";""
"86";"2024-04-12 19:16:28";"Karhu 1.0.B #8";"4518";"Jefferson Curl";"1";"70.0";"5";"";"";"";"";""
"86";"2024-04-12 19:16:28";"Karhu 1.0.B #8";"4518";"Jefferson Curl";"2";"70.0";"5";"";"";"";"";""
"86";"2024-04-12 19:16:28";"Karhu 1.0.B #8";"4518";"Jefferson Curl";"3";"70.0";"5";"";"";"";"";""
"86";"2024-04-12 19:16:28";"Karhu 1.0.B #8";"4518";"Side Bend (Dumbbell)";"1";"70.0";"5";"";"";"";"";""
"86";"2024-04-12 19:16:28";"Karhu 1.0.B #8";"4518";"Side Bend (Dumbbell)";"2";"70.0";"5";"";"";"";"";""
"86";"2024-04-12 19:16:28";"Karhu 1.0.B #8";"4518";"Side Bend (Dumbbell)";"3";"70.0";"5";"";"";"";"";""
"86";"2024-04-12 19:16:28";"Karhu 1.0.B #8";"4518";"Bicep Curl (Barbell)";"1";"44.0";"8";"";"";"";"";""
"86";"2024-04-12 19:16:28";"Karhu 1.0.B #8";"4518";"Bicep Curl (Barbell)";"2";"44.0";"8";"";"";"";"";""
"86";"2024-04-12 19:16:28";"Karhu 1.0.B #8";"4518";"Bicep Curl (Barbell)";"3";"44.0";"5";"";"";"";"";""
"86";"2024-04-12 19:16:28";"Karhu 1.0.B #8";"4518";"Upright Row (Barbell)";"1";"44.0";"8";"";"";"";"";""
"86";"2024-04-12 19:16:28";"Karhu 1.0.B #8";"4518";"Upright Row (Barbell)";"2";"44.0";"8";"";"";"";"";""
"86";"2024-04-12 19:16:28";"Karhu 1.0.B #8";"4518";"Upright Row (Barbell)";"3";"44.0";"8";"";"";"";"";""
"87";"2024-04-15 09:00:06";"Fighter Pullup Challenge #34";"3076";"Pull Up";"1";"0.0";"20";"";"";"";"";""
"87";"2024-04-15 09:00:06";"Fighter Pullup Challenge #34";"3076";"Pull Up";"2";"24.0";"6";"";"";"";"";""
"87";"2024-04-15 09:00:06";"Fighter Pullup Challenge #34";"3076";"Pull Up";"3";"24.0";"5";"";"";"";"";""
"87";"2024-04-15 09:00:06";"Fighter Pullup Challenge #34";"3076";"Pull Up";"4";"24.0";"4";"";"";"";"";""
"87";"2024-04-15 09:00:06";"Fighter Pullup Challenge #34";"3076";"Pull Up";"5";"0.0";"10";"";"";"";"";""
"87";"2024-04-15 09:00:06";"Fighter Pullup Challenge #34";"3076";"Pull Up";"6";"0.0";"10";"";"";"";"";""
"88";"2024-04-16 16:17:40";"Karhu 1.0.C #9";"3806";"Power Snatch (Barbell)";"1";"30.0";"1";"";"";"";"";""
"88";"2024-04-16 16:17:40";"Karhu 1.0.C #9";"3806";"Power Snatch (Barbell)";"2";"40.0";"1";"";"";"";"";""
"88";"2024-04-16 16:17:40";"Karhu 1.0.C #9";"3806";"Power Snatch (Barbell)";"3";"50.0";"1";"";"";"";"";""
"88";"2024-04-16 16:17:40";"Karhu 1.0.C #9";"3806";"Power Snatch (Barbell)";"4";"60.0";"1";"";"";"";"";""
"88";"2024-04-16 16:17:40";"Karhu 1.0.C #9";"3806";"Power Clean";"1";"50.0";"1";"";"";"";"";""
"88";"2024-04-16 16:17:40";"Karhu 1.0.C #9";"3806";"Power Clean";"2";"60.0";"1";"";"";"";"";""
"88";"2024-04-16 16:17:40";"Karhu 1.0.C #9";"3806";"Power Clean";"3";"70.0";"1";"";"";"";"";""
"88";"2024-04-16 16:17:40";"Karhu 1.0.C #9";"3806";"Power Clean";"4";"80.0";"1";"";"";"";"";""
"88";"2024-04-16 16:17:40";"Karhu 1.0.C #9";"3806";"Split Jerk (Barbell)";"1";"50.0";"1";"";"";"";"";""
"88";"2024-04-16 16:17:40";"Karhu 1.0.C #9";"3806";"Split Jerk (Barbell)";"2";"60.0";"1";"";"";"";"";""
"88";"2024-04-16 16:17:40";"Karhu 1.0.C #9";"3806";"Split Jerk (Barbell)";"3";"70.0";"1";"";"";"";"";""
"88";"2024-04-16 16:17:40";"Karhu 1.0.C #9";"3806";"Split Jerk (Barbell)";"4";"80.0";"1";"";"";"";"";""
"88";"2024-04-16 16:17:40";"Karhu 1.0.C #9";"3806";"Front Squat (Barbell)";"1";"84.0";"5";"";"";"";"";""
"88";"2024-04-16 16:17:40";"Karhu 1.0.C #9";"3806";"Front Squat (Barbell)";"2";"84.0";"5";"";"";"";"";""
"88";"2024-04-16 16:17:40";"Karhu 1.0.C #9";"3806";"Front Squat (Barbell)";"3";"84.0";"5";"";"";"";"";""
"88";"2024-04-16 16:17:40";"Karhu 1.0.C #9";"3806";"Front Squat (Barbell)";"4";"84.0";"5";"";"";"";"";""
"88";"2024-04-16 16:17:40";"Karhu 1.0.C #9";"3806";"Front Squat (Barbell)";"5";"84.0";"10";"";"";"";"";""
"88";"2024-04-16 16:17:40";"Karhu 1.0.C #9";"3806";"Push Press";"1";"70.0";"5";"";"";"";"";""
"88";"2024-04-16 16:17:40";"Karhu 1.0.C #9";"3806";"Push Press";"2";"70.0";"5";"";"";"";"";""
"88";"2024-04-16 16:17:40";"Karhu 1.0.C #9";"3806";"Push Press";"3";"70.0";"5";"";"";"";"";""
"88";"2024-04-16 16:17:40";"Karhu 1.0.C #9";"3806";"Push Press";"4";"70.0";"5";"";"";"";"";""
"88";"2024-04-16 16:17:40";"Karhu 1.0.C #9";"3806";"Push Press";"5";"70.0";"5";"";"";"";"";""
"88";"2024-04-16 16:17:40";"Karhu 1.0.C #9";"3806";"Jefferson Curl";"1";"72.0";"5";"";"";"";"";""
"88";"2024-04-16 16:17:40";"Karhu 1.0.C #9";"3806";"Jefferson Curl";"2";"72.0";"5";"";"";"";"";""
"88";"2024-04-16 16:17:40";"Karhu 1.0.C #9";"3806";"Jefferson Curl";"3";"72.0";"5";"";"";"";"";""
"88";"2024-04-16 16:17:40";"Karhu 1.0.C #9";"3806";"Side Bend (Dumbbell)";"1";"72.0";"5";"";"";"";"";""
"88";"2024-04-16 16:17:40";"Karhu 1.0.C #9";"3806";"Side Bend (Dumbbell)";"2";"72.0";"5";"";"";"";"";""
"88";"2024-04-16 16:17:40";"Karhu 1.0.C #9";"3806";"Side Bend (Dumbbell)";"3";"72.0";"5";"";"";"";"";""
"88";"2024-04-16 16:17:40";"Karhu 1.0.C #9";"3806";"Bicep Curl (Barbell)";"1";"46.0";"10";"";"";"";"";""
"88";"2024-04-16 16:17:40";"Karhu 1.0.C #9";"3806";"Bicep Curl (Barbell)";"2";"46.0";"8";"";"";"";"";""
"88";"2024-04-16 16:17:40";"Karhu 1.0.C #9";"3806";"Bicep Curl (Barbell)";"3";"46.0";"5";"";"";"";"";""
"88";"2024-04-16 16:17:40";"Karhu 1.0.C #9";"3806";"Upright Row (Barbell)";"1";"46.0";"10";"";"";"";"";""
"88";"2024-04-16 16:17:40";"Karhu 1.0.C #9";"3806";"Upright Row (Barbell)";"2";"46.0";"8";"";"";"";"";""
"88";"2024-04-16 16:17:40";"Karhu 1.0.C #9";"3806";"Upright Row (Barbell)";"3";"46.0";"5";"";"";"";"";""
"89";"2024-04-16 22:46:30";"Gripper #26";"556";"Hand Gripper";"1";"68.0";"20";"";"";"";"";""
"89";"2024-04-16 22:46:30";"Gripper #26";"556";"Hand Gripper";"2";"68.0";"20";"";"";"";"";""
"89";"2024-04-16 22:46:30";"Gripper #26";"556";"Hand Gripper";"3";"68.0";"20";"";"";"";"";""
"89";"2024-04-16 22:46:30";"Gripper #26";"556";"Hand Gripper";"4";"68.0";"20";"";"";"";"";""
"89";"2024-04-16 22:46:30";"Gripper #26";"556";"Hand Gripper";"5";"68.0";"20";"";"";"";"";""
"90";"2024-04-18 14:55:59";"Fighter Pullup Challenge #35";"1988";"Pull Up";"1";"0.0";"15";"";"";"";"";"4× rings - 4x pull - 4x chin"
"90";"2024-04-18 14:55:59";"Fighter Pullup Challenge #35";"1988";"Pull Up";"2";"0.0";"10";"";"";"";"";"4× rings - 4x pull - 4x chin"
"90";"2024-04-18 14:55:59";"Fighter Pullup Challenge #35";"1988";"Pull Up";"3";"0.0";"10";"";"";"";"";"4× rings - 4x pull - 4x chin"
"90";"2024-04-18 14:55:59";"Fighter Pullup Challenge #35";"1988";"Pull Up";"4";"0.0";"10";"";"";"";"";"4× rings - 4x pull - 4x chin"
"90";"2024-04-18 14:55:59";"Fighter Pullup Challenge #35";"1988";"Pull Up";"5";"0.0";"10";"";"";"";"";"4× rings - 4x pull - 4x chin"
"90";"2024-04-18 14:55:59";"Fighter Pullup Challenge #35";"1988";"Pull Up";"6";"0.0";"10";"";"";"";"";"4× rings - 4x pull - 4x chin"
"90";"2024-04-18 14:55:59";"Fighter Pullup Challenge #35";"1988";"Pull Up";"7";"0.0";"10";"";"";"";"";"4× rings - 4x pull - 4x chin"
"90";"2024-04-18 14:55:59";"Fighter Pullup Challenge #35";"1988";"Pull Up";"8";"0.0";"10";"";"";"";"";"4× rings - 4x pull - 4x chin"
"90";"2024-04-18 14:55:59";"Fighter Pullup Challenge #35";"1988";"Pull Up";"9";"0.0";"10";"";"";"";"";"4× rings - 4x pull - 4x chin"
"90";"2024-04-18 14:55:59";"Fighter Pullup Challenge #35";"1988";"Pull Up";"10";"0.0";"10";"";"";"";"";"4× rings - 4x pull - 4x chin"
"91";"2024-04-20 11:43:09";"Fighter Pullup Challenge #36";"1215";"Pull Up";"1";"0.0";"5";"";"";"";"";""
"91";"2024-04-20 11:43:09";"Fighter Pullup Challenge #36";"1215";"Pull Up";"2";"24.0";"6";"";"";"";"";""
"91";"2024-04-20 11:43:09";"Fighter Pullup Challenge #36";"1215";"Pull Up";"3";"24.0";"5";"";"";"";"";""
"91";"2024-04-20 11:43:09";"Fighter Pullup Challenge #36";"1215";"Pull Up";"4";"24.0";"5";"";"";"";"";""
"91";"2024-04-20 11:43:09";"Fighter Pullup Challenge #36";"1215";"Pull Up";"5";"24.0";"5";"";"";"";"";""
"91";"2024-04-20 11:43:09";"Fighter Pullup Challenge #36";"1215";"Pull Up";"6";"24.0";"5";"";"";"";"";""
"91";"2024-04-20 11:43:09";"Fighter Pullup Challenge #36";"1215";"Pull Up";"7";"0.0";"10";"";"";"";"";""
"91";"2024-04-20 11:43:09";"Fighter Pullup Challenge #36";"1215";"Pull Up";"8";"0.0";"10";"";"";"";"";""
"92";"2024-04-20 17:19:41";"Karhu 1.0.A #10";"4695";"Hang Snatch (Barbell)";"1";"30.0";"1";"";"";"";"";""
"92";"2024-04-20 17:19:41";"Karhu 1.0.A #10";"4695";"Hang Snatch (Barbell)";"2";"40.0";"1";"";"";"";"";""
"92";"2024-04-20 17:19:41";"Karhu 1.0.A #10";"4695";"Hang Snatch (Barbell)";"3";"50.0";"1";"";"";"";"";""
"92";"2024-04-20 17:19:41";"Karhu 1.0.A #10";"4695";"Hang Snatch (Barbell)";"4";"60.0";"1";"";"";"";"";""
"92";"2024-04-20 17:19:41";"Karhu 1.0.A #10";"4695";"Hang Snatch (Barbell)";"5";"62.0";"1";"";"";"";"";""
"92";"2024-04-20 17:19:41";"Karhu 1.0.A #10";"4695";"Squat (Barbell)";"1";"110.0";"5";"";"";"";"";""
"92";"2024-04-20 17:19:41";"Karhu 1.0.A #10";"4695";"Squat (Barbell)";"2";"110.0";"5";"";"";"";"";""
"92";"2024-04-20 17:19:41";"Karhu 1.0.A #10";"4695";"Squat (Barbell)";"3";"110.0";"5";"";"";"";"";""
"92";"2024-04-20 17:19:41";"Karhu 1.0.A #10";"4695";"Squat (Barbell)";"4";"110.0";"5";"";"";"";"";""
"92";"2024-04-20 17:19:41";"Karhu 1.0.A #10";"4695";"Squat (Barbell)";"5";"110.0";"8";"";"";"";"";""
"92";"2024-04-20 17:19:41";"Karhu 1.0.A #10";"4695";"Hang Clean (Barbell)";"1";"50.0";"1";"";"";"";"";""
"92";"2024-04-20 17:19:41";"Karhu 1.0.A #10";"4695";"Hang Clean (Barbell)";"2";"60.0";"1";"";"";"";"";""
"92";"2024-04-20 17:19:41";"Karhu 1.0.A #10";"4695";"Hang Clean (Barbell)";"3";"60.0";"1";"";"";"";"";""
"92";"2024-04-20 17:19:41";"Karhu 1.0.A #10";"4695";"Split Jerk (Barbell)";"1";"50.0";"1";"";"";"";"";""
"92";"2024-04-20 17:19:41";"Karhu 1.0.A #10";"4695";"Split Jerk (Barbell)";"2";"60.0";"1";"";"";"";"";""
"92";"2024-04-20 17:19:41";"Karhu 1.0.A #10";"4695";"Split Jerk (Barbell)";"3";"60.0";"1";"";"";"";"";""
"92";"2024-04-20 17:19:41";"Karhu 1.0.A #10";"4695";"Split Jerk (Barbell)";"4";"60.0";"1";"";"";"";"";""
"92";"2024-04-20 17:19:41";"Karhu 1.0.A #10";"4695";"Split Jerk (Barbell)";"5";"60.0";"1";"";"";"";"";""
"92";"2024-04-20 17:19:41";"Karhu 1.0.A #10";"4695";"Bench Press (Barbell)";"1";"96.0";"5";"";"";"";"";""
"92";"2024-04-20 17:19:41";"Karhu 1.0.A #10";"4695";"Bench Press (Barbell)";"2";"96.0";"5";"";"";"";"";""
"92";"2024-04-20 17:19:41";"Karhu 1.0.A #10";"4695";"Bench Press (Barbell)";"3";"96.0";"5";"";"";"";"";""
"92";"2024-04-20 17:19:41";"Karhu 1.0.A #10";"4695";"Bench Press (Barbell)";"4";"96.0";"5";"";"";"";"";""
"92";"2024-04-20 17:19:41";"Karhu 1.0.A #10";"4695";"Bench Press (Barbell)";"5";"96.0";"7";"";"";"";"";""
"92";"2024-04-20 17:19:41";"Karhu 1.0.A #10";"4695";"Jefferson Curl";"1";"74.0";"5";"";"";"";"";""
"92";"2024-04-20 17:19:41";"Karhu 1.0.A #10";"4695";"Jefferson Curl";"2";"74.0";"5";"";"";"";"";""
"92";"2024-04-20 17:19:41";"Karhu 1.0.A #10";"4695";"Jefferson Curl";"3";"74.0";"5";"";"";"";"";""
"92";"2024-04-20 17:19:41";"Karhu 1.0.A #10";"4695";"Side Bend (Dumbbell)";"1";"74.0";"5";"";"";"";"";""
"92";"2024-04-20 17:19:41";"Karhu 1.0.A #10";"4695";"Side Bend (Dumbbell)";"2";"74.0";"5";"";"";"";"";""
"92";"2024-04-20 17:19:41";"Karhu 1.0.A #10";"4695";"Side Bend (Dumbbell)";"3";"74.0";"5";"";"";"";"";""
"92";"2024-04-20 17:19:41";"Karhu 1.0.A #10";"4695";"Bicep Curl (Barbell)";"1";"50.0";"10";"";"";"";"";""
"92";"2024-04-20 17:19:41";"Karhu 1.0.A #10";"4695";"Bicep Curl (Barbell)";"2";"50.0";"6";"";"";"";"";""
"92";"2024-04-20 17:19:41";"Karhu 1.0.A #10";"4695";"Bicep Curl (Barbell)";"3";"50.0";"5";"";"";"";"";""
"92";"2024-04-20 17:19:41";"Karhu 1.0.A #10";"4695";"Upright Row (Barbell)";"1";"50.0";"10";"";"";"";"";""
"92";"2024-04-20 17:19:41";"Karhu 1.0.A #10";"4695";"Upright Row (Barbell)";"2";"50.0";"8";"";"";"";"";""
"92";"2024-04-20 17:19:41";"Karhu 1.0.A #10";"4695";"Upright Row (Barbell)";"3";"50.0";"7";"";"";"";"";""
"93";"2024-04-21 12:07:23";"Gripper #27";"1549";"Supergripper";"1";"69.0";"6";"";"";"";"";""
"93";"2024-04-21 12:07:23";"Gripper #27";"1549";"Supergripper";"2";"70.0";"5";"";"";"";"";""
"93";"2024-04-21 12:07:23";"Gripper #27";"1549";"Supergripper";"3";"70.0";"5";"";"";"";"";""
"93";"2024-04-21 12:07:23";"Gripper #27";"1549";"Supergripper";"4";"70.0";"5";"";"";"";"";""
"93";"2024-04-21 12:07:23";"Gripper #27";"1549";"Supergripper";"5";"73.0";"4";"";"";"";"";""
"93";"2024-04-21 12:07:23";"Gripper #27";"1549";"Hand Gripper";"1";"68.0";"10";"";"";"";"";""
"93";"2024-04-21 12:07:23";"Gripper #27";"1549";"Hand Gripper";"2";"68.0";"10";"";"";"";"";""
"93";"2024-04-21 12:07:23";"Gripper #27";"1549";"Hand Gripper";"3";"68.0";"10";"";"";"";"";""
"94";"2024-04-22 13:07:45";"Upper BW #1";"1894";"KB Belt Curl";"1";"48.0";"15";"";"";"";"";""
"94";"2024-04-22 13:07:45";"Upper BW #1";"1894";"KB Belt Curl";"2";"48.0";"12";"";"";"";"";""
"94";"2024-04-22 13:07:45";"Upper BW #1";"1894";"KB Belt Curl";"3";"48.0";"10";"";"";"";"";""
"94";"2024-04-22 13:07:45";"Upper BW #1";"1894";"Ring Dip";"1";"0.0";"8";"";"";"";"";""
"94";"2024-04-22 13:07:45";"Upper BW #1";"1894";"Ring Dip";"2";"0.0";"8";"";"";"";"";""
"94";"2024-04-22 13:07:45";"Upper BW #1";"1894";"Ring Dip";"3";"0.0";"8";"";"";"";"";""
"94";"2024-04-22 13:07:45";"Upper BW #1";"1894";"KB Belt Row";"1";"45.0";"12";"";"";"";"";""
"94";"2024-04-22 13:07:45";"Upper BW #1";"1894";"KB Belt Row";"2";"45.0";"10";"";"";"";"";""
"94";"2024-04-22 13:07:45";"Upper BW #1";"1894";"KB Belt Row";"3";"45.0";"10";"";"";"";"";""
"94";"2024-04-22 13:07:45";"Upper BW #1";"1894";"Ring Dip";"1";"0.0";"8";"";"";"";"";""
"94";"2024-04-22 13:07:45";"Upper BW #1";"1894";"Ring Dip";"2";"0.0";"8";"";"";"";"";""
"94";"2024-04-22 13:07:45";"Upper BW #1";"1894";"Ring Dip";"3";"0.0";"8";"";"";"";"";""
"94";"2024-04-22 13:07:45";"Upper BW #1";"1894";"Upright Row (Dumbbell)";"1";"48.0";"10";"";"";"";"";""
"94";"2024-04-22 13:07:45";"Upper BW #1";"1894";"Upright Row (Dumbbell)";"2";"48.0";"10";"";"";"";"";""
"94";"2024-04-22 13:07:45";"Upper BW #1";"1894";"Upright Row (Dumbbell)";"3";"48.0";"10";"";"";"";"";""
"94";"2024-04-22 13:07:45";"Upper BW #1";"1894";"Overhead Press (Dumbbell)";"1";"48.0";"5";"";"";"";"";""
"94";"2024-04-22 13:07:45";"Upper BW #1";"1894";"Overhead Press (Dumbbell)";"2";"48.0";"4";"";"";"";"";""
"94";"2024-04-22 13:07:45";"Upper BW #1";"1894";"Overhead Press (Dumbbell)";"3";"48.0";"7";"";"";"";"";""
"95";"2024-04-23 09:27:29";"Gripper #28";"1881";"Supergripper";"1";"73.0";"5";"";"";"";"";""
"95";"2024-04-23 09:27:29";"Gripper #28";"1881";"Supergripper";"2";"74.0";"6";"";"";"";"";""
"95";"2024-04-23 09:27:29";"Gripper #28";"1881";"Supergripper";"3";"75.0";"5";"";"";"";"";""
"95";"2024-04-23 09:27:29";"Gripper #28";"1881";"Supergripper";"4";"78.0";"5";"";"";"";"";""
"95";"2024-04-23 09:27:29";"Gripper #28";"1881";"Supergripper";"5";"79.0";"2";"";"";"";"";""
"95";"2024-04-23 09:27:29";"Gripper #28";"1881";"Hand Gripper";"D";"68.0";"25";"";"";"";"";""
"95";"2024-04-23 09:27:29";"Gripper #28";"1881";"Hand Gripper";"D";"45.0";"20";"";"";"";"";""
"96";"2024-04-24 21:11:36";"Fighter Pullup Challenge #37";"24";"Pull Up";"1";"0.0";"12";"";"";"";"";""
"96";"2024-04-24 21:11:36";"Fighter Pullup Challenge #37";"24";"Pull Up";"2";"0.0";"12";"";"";"";"";""
"96";"2024-04-24 21:11:36";"Fighter Pullup Challenge #37";"24";"Pull Up";"3";"0.0";"10";"";"";"";"";""
"96";"2024-04-24 21:11:36";"Fighter Pullup Challenge #37";"24";"Pull Up";"4";"0.0";"10";"";"";"";"";""
"96";"2024-04-24 21:11:36";"Fighter Pullup Challenge #37";"24";"Pull Up";"5";"0.0";"10";"";"";"";"";""
"97";"2024-04-25 16:55:08";"Karhu 1.0.B #11";"5238";"Power Snatch (Barbell)";"1";"50.0";"1";"";"";"";"";""
"97";"2024-04-25 16:55:08";"Karhu 1.0.B #11";"5238";"Power Snatch (Barbell)";"2";"60.0";"1";"";"";"";"";""
"97";"2024-04-25 16:55:08";"Karhu 1.0.B #11";"5238";"Power Snatch (Barbell)";"3";"64.0";"1";"";"";"";"";""
"97";"2024-04-25 16:55:08";"Karhu 1.0.B #11";"5238";"Power Snatch (Barbell)";"4";"70.0";"1";"";"";"";"";""
"97";"2024-04-25 16:55:08";"Karhu 1.0.B #11";"5238";"Power Clean";"1";"70.0";"1";"";"";"";"";""
"97";"2024-04-25 16:55:08";"Karhu 1.0.B #11";"5238";"Power Clean";"2";"80.0";"1";"";"";"";"";""
"97";"2024-04-25 16:55:08";"Karhu 1.0.B #11";"5238";"Power Clean";"3";"90.0";"1";"";"";"";"";""
"97";"2024-04-25 16:55:08";"Karhu 1.0.B #11";"5238";"Power Clean";"4";"90.0";"1";"";"";"";"";""
"97";"2024-04-25 16:55:08";"Karhu 1.0.B #11";"5238";"Push Press";"1";"70.0";"1";"";"";"";"";""
"97";"2024-04-25 16:55:08";"Karhu 1.0.B #11";"5238";"Push Press";"2";"80.0";"1";"";"";"";"";""
"97";"2024-04-25 16:55:08";"Karhu 1.0.B #11";"5238";"Push Press";"3";"90.0";"1";"";"";"";"";""
"97";"2024-04-25 16:55:08";"Karhu 1.0.B #11";"5238";"Deadlift (Barbell)";"1";"150.0";"5";"";"";"";"";""
"97";"2024-04-25 16:55:08";"Karhu 1.0.B #11";"5238";"Deadlift (Barbell)";"2";"150.0";"5";"";"";"";"";""
"97";"2024-04-25 16:55:08";"Karhu 1.0.B #11";"5238";"Deadlift (Barbell)";"3";"150.0";"5";"";"";"";"";""
"97";"2024-04-25 16:55:08";"Karhu 1.0.B #11";"5238";"Deadlift (Barbell)";"4";"150.0";"5";"";"";"";"";""
"97";"2024-04-25 16:55:08";"Karhu 1.0.B #11";"5238";"Deadlift (Barbell)";"5";"150.0";"6";"";"";"";"";""
"97";"2024-04-25 16:55:08";"Karhu 1.0.B #11";"5238";"Overhead Press (Barbell)";"1";"58.0";"5";"";"";"";"";""
"97";"2024-04-25 16:55:08";"Karhu 1.0.B #11";"5238";"Overhead Press (Barbell)";"2";"58.0";"5";"";"";"";"";""
"97";"2024-04-25 16:55:08";"Karhu 1.0.B #11";"5238";"Overhead Press (Barbell)";"3";"58.0";"5";"";"";"";"";""
"97";"2024-04-25 16:55:08";"Karhu 1.0.B #11";"5238";"Overhead Press (Barbell)";"4";"58.0";"5";"";"";"";"";""
"97";"2024-04-25 16:55:08";"Karhu 1.0.B #11";"5238";"Overhead Press (Barbell)";"5";"58.0";"7";"";"";"";"";""
"97";"2024-04-25 16:55:08";"Karhu 1.0.B #11";"5238";"Jefferson Curl";"1";"76.0";"5";"";"";"";"";""
"97";"2024-04-25 16:55:08";"Karhu 1.0.B #11";"5238";"Jefferson Curl";"2";"76.0";"5";"";"";"";"";""
"97";"2024-04-25 16:55:08";"Karhu 1.0.B #11";"5238";"Jefferson Curl";"3";"76.0";"5";"";"";"";"";""
"97";"2024-04-25 16:55:08";"Karhu 1.0.B #11";"5238";"Side Bend (Dumbbell)";"1";"76.0";"5";"";"";"";"";""
"97";"2024-04-25 16:55:08";"Karhu 1.0.B #11";"5238";"Side Bend (Dumbbell)";"2";"76.0";"5";"";"";"";"";""
"97";"2024-04-25 16:55:08";"Karhu 1.0.B #11";"5238";"Side Bend (Dumbbell)";"3";"76.0";"5";"";"";"";"";""
"97";"2024-04-25 16:55:08";"Karhu 1.0.B #11";"5238";"Bicep Curl (Barbell)";"1";"52.0";"8";"";"";"";"";""
"97";"2024-04-25 16:55:08";"Karhu 1.0.B #11";"5238";"Bicep Curl (Barbell)";"2";"52.0";"7";"";"";"";"";""
"97";"2024-04-25 16:55:08";"Karhu 1.0.B #11";"5238";"Bicep Curl (Barbell)";"3";"52.0";"6";"";"";"";"";""
"97";"2024-04-25 16:55:08";"Karhu 1.0.B #11";"5238";"Upright Row (Barbell)";"1";"52.0";"8";"";"";"";"";""
"97";"2024-04-25 16:55:08";"Karhu 1.0.B #11";"5238";"Upright Row (Barbell)";"2";"52.0";"7";"";"";"";"";""
"97";"2024-04-25 16:55:08";"Karhu 1.0.B #11";"5238";"Upright Row (Barbell)";"3";"52.0";"8";"";"";"";"";""
"97";"2024-04-25 16:55:08";"Karhu 1.0.B #11";"5238";"Chest Dip";"1";"0.0";"20";"";"";"";"";""
"98";"2024-04-26 11:52:29";"Fighter Pullup Challenge #38";"17";"Pull Up";"1";"24.0";"6";"";"";"";"";""
"98";"2024-04-26 11:52:29";"Fighter Pullup Challenge #38";"17";"Pull Up";"2";"24.0";"6";"";"";"";"";""
"98";"2024-04-26 11:52:29";"Fighter Pullup Challenge #38";"17";"Pull Up";"3";"24.0";"5";"";"";"";"";""
"98";"2024-04-26 11:52:29";"Fighter Pullup Challenge #38";"17";"Pull Up";"4";"24.0";"5";"";"";"";"";""
"98";"2024-04-26 11:52:29";"Fighter Pullup Challenge #38";"17";"Pull Up";"5";"24.0";"5";"";"";"";"";""
"99";"2024-04-26 20:02:31";"Gripper #29";"874";"Supergripper";"1";"79.0";"2";"";"";"";"";""
"99";"2024-04-26 20:02:31";"Gripper #29";"874";"Supergripper";"2";"78.0";"5";"";"";"";"";""
"99";"2024-04-26 20:02:31";"Gripper #29";"874";"Supergripper";"3";"78.0";"5";"";"";"";"";""
"99";"2024-04-26 20:02:31";"Gripper #29";"874";"Supergripper";"4";"78.0";"5";"";"";"";"";""
"99";"2024-04-26 20:02:31";"Gripper #29";"874";"Supergripper";"5";"78.0";"5";"";"";"";"";""
"99";"2024-04-26 20:02:31";"Gripper #29";"874";"Hand Gripper";"D";"68.0";"20";"";"";"";"";""
"99";"2024-04-26 20:02:31";"Gripper #29";"874";"Hand Gripper";"D";"45.0";"10";"";"";"";"";""
"100";"2024-04-28 13:32:20";"Fighter Pullup Challenge #38";"641";"Pull Up";"1";"0.0";"15";"";"";"";"";"Weighted or  max in 10' (otm)"
"100";"2024-04-28 13:32:20";"Fighter Pullup Challenge #38";"641";"Pull Up";"2";"0.0";"10";"";"";"";"";"Weighted or  max in 10' (otm)"
"100";"2024-04-28 13:32:20";"Fighter Pullup Challenge #38";"641";"Pull Up";"3";"0.0";"10";"";"";"";"";"Weighted or  max in 10' (otm)"
"100";"2024-04-28 13:32:20";"Fighter Pullup Challenge #38";"641";"Pull Up";"4";"0.0";"7";"";"";"";"";"Weighted or  max in 10' (otm)"
"100";"2024-04-28 13:32:20";"Fighter Pullup Challenge #38";"641";"Pull Up";"5";"0.0";"5";"";"";"";"";"Weighted or  max in 10' (otm)"
"100";"2024-04-28 13:32:20";"Fighter Pullup Challenge #38";"641";"Pull Up";"6";"0.0";"5";"";"";"";"";"Weighted or  max in 10' (otm)"
"100";"2024-04-28 13:32:20";"Fighter Pullup Challenge #38";"641";"Pull Up";"7";"0.0";"5";"";"";"";"";"Weighted or  max in 10' (otm)"
"100";"2024-04-28 13:32:20";"Fighter Pullup Challenge #38";"641";"Pull Up";"8";"0.0";"5";"";"";"";"";"Weighted or  max in 10' (otm)"
"100";"2024-04-28 13:32:20";"Fighter Pullup Challenge #38";"641";"Pull Up";"9";"0.0";"5";"";"";"";"";"Weighted or  max in 10' (otm)"
"100";"2024-04-28 13:32:20";"Fighter Pullup Challenge #38";"641";"Pull Up";"10";"0.0";"5";"";"";"";"";"Weighted or  max in 10' (otm)"
"101";"2024-04-28 13:46:16";"Upper BW #2";"1208";"Ring Dip";"1";"0.0";"10";"";"";"";"";""
"101";"2024-04-28 13:46:16";"Upper BW #2";"1208";"Ring Dip";"2";"0.0";"5";"";"";"";"";""
"101";"2024-04-28 13:46:16";"Upper BW #2";"1208";"Ring Dip";"3";"0.0";"5";"";"";"";"";""
"101";"2024-04-28 13:46:16";"Upper BW #2";"1208";"Ring Dip";"4";"0.0";"5";"";"";"";"";""
"101";"2024-04-28 13:46:16";"Upper BW #2";"1208";"Ring Dip";"5";"0.0";"5";"";"";"";"";""
"101";"2024-04-28 13:46:16";"Upper BW #2";"1208";"KB Belt Curl";"1";"48.0";"8";"";"";"";"";""
"101";"2024-04-28 13:46:16";"Upper BW #2";"1208";"KB Belt Curl";"2";"48.0";"6";"";"";"";"";""
"101";"2024-04-28 13:46:16";"Upper BW #2";"1208";"KB Belt Curl";"3";"48.0";"5";"";"";"";"";""
"101";"2024-04-28 13:46:16";"Upper BW #2";"1208";"KB Belt Curl";"4";"48.0";"5";"";"";"";"";""
"101";"2024-04-28 13:46:16";"Upper BW #2";"1208";"KB Belt Curl";"5";"48.0";"5";"";"";"";"";""
"101";"2024-04-28 13:46:16";"Upper BW #2";"1208";"Overhead Press (Dumbbell)";"1";"48.0";"10";"";"";"";"";""
"101";"2024-04-28 13:46:16";"Upper BW #2";"1208";"Overhead Press (Dumbbell)";"2";"48.0";"4";"";"";"";"";""
"101";"2024-04-28 13:46:16";"Upper BW #2";"1208";"Overhead Press (Dumbbell)";"3";"48.0";"4";"";"";"";"";""
"101";"2024-04-28 13:46:16";"Upper BW #2";"1208";"Overhead Press (Dumbbell)";"4";"48.0";"4";"";"";"";"";""
"101";"2024-04-28 13:46:16";"Upper BW #2";"1208";"Overhead Press (Dumbbell)";"5";"48.0";"4";"";"";"";"";""
"101";"2024-04-28 13:46:16";"Upper BW #2";"1208";"Upright Row (Dumbbell)";"1";"48.0";"7";"";"";"";"";""
"101";"2024-04-28 13:46:16";"Upper BW #2";"1208";"Upright Row (Dumbbell)";"2";"48.0";"5";"";"";"";"";""
"101";"2024-04-28 13:46:16";"Upper BW #2";"1208";"Upright Row (Dumbbell)";"3";"48.0";"5";"";"";"";"";""
"101";"2024-04-28 13:46:16";"Upper BW #2";"1208";"Upright Row (Dumbbell)";"4";"48.0";"5";"";"";"";"";""
"101";"2024-04-28 13:46:16";"Upper BW #2";"1208";"Upright Row (Dumbbell)";"5";"48.0";"5";"";"";"";"";""
"101";"2024-04-28 13:46:16";"Upper BW #2";"1208";"Bent Over Row (Dumbbell)";"1";"48.0";"5";"";"";"";"";""
"101";"2024-04-28 13:46:16";"Upper BW #2";"1208";"Bent Over Row (Dumbbell)";"2";"48.0";"5";"";"";"";"";""
"101";"2024-04-28 13:46:16";"Upper BW #2";"1208";"Bent Over Row (Dumbbell)";"3";"48.0";"5";"";"";"";"";""
"101";"2024-04-28 13:46:16";"Upper BW #2";"1208";"Bent Over Row (Dumbbell)";"4";"48.0";"5";"";"";"";"";""
"101";"2024-04-28 13:46:16";"Upper BW #2";"1208";"Bent Over Row (Dumbbell)";"5";"48.0";"6";"";"";"";"";""
"102";"2024-04-29 22:30:00";"Gripper #30";"900";"Supergripper";"1";"78.0";"10";"";"";"";"";""
"102";"2024-04-29 22:30:00";"Gripper #30";"900";"Supergripper";"2";"78.0";"10";"";"";"";"";""
"102";"2024-04-29 22:30:00";"Gripper #30";"900";"Supergripper";"3";"78.0";"10";"";"";"";"";""
"102";"2024-04-29 22:30:00";"Gripper #30";"900";"Supergripper";"4";"78.0";"10";"";"";"";"";""
"102";"2024-04-29 22:30:00";"Gripper #30";"900";"Supergripper";"5";"78.0";"10";"";"";"";"";""
"102";"2024-04-29 22:30:00";"Gripper #30";"900";"Hand Gripper";"D";"68.0";"20";"";"";"";"";""
"102";"2024-04-29 22:30:00";"Gripper #30";"900";"Hand Gripper";"D";"45.0";"20";"";"";"";"";""
"103";"2024-04-30 18:09:33";"Karhu 1.0.C #12";"4608";"Power Snatch (Barbell)";"1";"30.0";"1";"";"";"";"";""
"103";"2024-04-30 18:09:33";"Karhu 1.0.C #12";"4608";"Power Snatch (Barbell)";"2";"40.0";"1";"";"";"";"";""
"103";"2024-04-30 18:09:33";"Karhu 1.0.C #12";"4608";"Power Snatch (Barbell)";"3";"50.0";"1";"";"";"";"";""
"103";"2024-04-30 18:09:33";"Karhu 1.0.C #12";"4608";"Power Clean";"1";"50.0";"1";"";"";"";"";""
"103";"2024-04-30 18:09:33";"Karhu 1.0.C #12";"4608";"Power Clean";"2";"60.0";"1";"";"";"";"";""
"103";"2024-04-30 18:09:33";"Karhu 1.0.C #12";"4608";"Power Clean";"3";"70.0";"1";"";"";"";"";""
"103";"2024-04-30 18:09:33";"Karhu 1.0.C #12";"4608";"Split Jerk (Barbell)";"1";"50.0";"1";"";"";"";"";""
"103";"2024-04-30 18:09:33";"Karhu 1.0.C #12";"4608";"Split Jerk (Barbell)";"2";"60.0";"1";"";"";"";"";""
"103";"2024-04-30 18:09:33";"Karhu 1.0.C #12";"4608";"Split Jerk (Barbell)";"3";"70.0";"1";"";"";"";"";""
"103";"2024-04-30 18:09:33";"Karhu 1.0.C #12";"4608";"Front Squat (Barbell)";"1";"86.0";"5";"";"";"";"";""
"103";"2024-04-30 18:09:33";"Karhu 1.0.C #12";"4608";"Front Squat (Barbell)";"2";"86.0";"5";"";"";"";"";""
"103";"2024-04-30 18:09:33";"Karhu 1.0.C #12";"4608";"Front Squat (Barbell)";"3";"86.0";"5";"";"";"";"";""
"103";"2024-04-30 18:09:33";"Karhu 1.0.C #12";"4608";"Front Squat (Barbell)";"4";"86.0";"5";"";"";"";"";""
"103";"2024-04-30 18:09:33";"Karhu 1.0.C #12";"4608";"Front Squat (Barbell)";"5";"86.0";"7";"";"";"";"";""
"103";"2024-04-30 18:09:33";"Karhu 1.0.C #12";"4608";"Push Press";"1";"72.0";"5";"";"";"";"";""
"103";"2024-04-30 18:09:33";"Karhu 1.0.C #12";"4608";"Push Press";"2";"72.0";"5";"";"";"";"";""
"103";"2024-04-30 18:09:33";"Karhu 1.0.C #12";"4608";"Push Press";"3";"72.0";"5";"";"";"";"";""
"103";"2024-04-30 18:09:33";"Karhu 1.0.C #12";"4608";"Push Press";"4";"72.0";"5";"";"";"";"";""
"103";"2024-04-30 18:09:33";"Karhu 1.0.C #12";"4608";"Push Press";"5";"72.0";"7";"";"";"";"";""
"103";"2024-04-30 18:09:33";"Karhu 1.0.C #12";"4608";"Jefferson Curl";"1";"78.0";"5";"";"";"";"";""
"103";"2024-04-30 18:09:33";"Karhu 1.0.C #12";"4608";"Jefferson Curl";"2";"78.0";"5";"";"";"";"";""
"103";"2024-04-30 18:09:33";"Karhu 1.0.C #12";"4608";"Jefferson Curl";"3";"78.0";"5";"";"";"";"";""
"103";"2024-04-30 18:09:33";"Karhu 1.0.C #12";"4608";"Side Bend (Dumbbell)";"1";"78.0";"5";"";"";"";"";""
"103";"2024-04-30 18:09:33";"Karhu 1.0.C #12";"4608";"Side Bend (Dumbbell)";"2";"78.0";"5";"";"";"";"";""
"103";"2024-04-30 18:09:33";"Karhu 1.0.C #12";"4608";"Side Bend (Dumbbell)";"3";"78.0";"5";"";"";"";"";""
"103";"2024-04-30 18:09:33";"Karhu 1.0.C #12";"4608";"Bicep Curl (Barbell)";"1";"52.0";"11";"";"";"";"";""
"103";"2024-04-30 18:09:33";"Karhu 1.0.C #12";"4608";"Bicep Curl (Barbell)";"2";"52.0";"10";"";"";"";"";""
"103";"2024-04-30 18:09:33";"Karhu 1.0.C #12";"4608";"Bicep Curl (Barbell)";"3";"52.0";"8";"";"";"";"";""
"103";"2024-04-30 18:09:33";"Karhu 1.0.C #12";"4608";"Upright Row (Barbell)";"1";"52.0";"10";"";"";"";"";""
"103";"2024-04-30 18:09:33";"Karhu 1.0.C #12";"4608";"Upright Row (Barbell)";"2";"52.0";"10";"";"";"";"";""
"103";"2024-04-30 18:09:33";"Karhu 1.0.C #12";"4608";"Upright Row (Barbell)";"3";"52.0";"8";"";"";"";"";""
"104";"2024-05-03 16:28:46";"Fighter Pullup Challenge #39";"1187";"Pull Up";"1";"24.0";"5";"";"";"";"";""
"104";"2024-05-03 16:28:46";"Fighter Pullup Challenge #39";"1187";"Pull Up";"2";"24.0";"5";"";"";"";"";""
"104";"2024-05-03 16:28:46";"Fighter Pullup Challenge #39";"1187";"Pull Up";"3";"24.0";"5";"";"";"";"";""
"104";"2024-05-03 16:28:46";"Fighter Pullup Challenge #39";"1187";"Pull Up";"4";"24.0";"5";"";"";"";"";""
"104";"2024-05-03 16:28:46";"Fighter Pullup Challenge #39";"1187";"Pull Up";"5";"24.0";"5";"";"";"";"";""
"105";"2024-05-04 22:35:08";"Gripper #31";"1452";"Supergripper";"1";"79.0";"10";"";"";"";"";""
"105";"2024-05-04 22:35:08";"Gripper #31";"1452";"Supergripper";"2";"82.0";"8";"";"";"";"";""
"105";"2024-05-04 22:35:08";"Gripper #31";"1452";"Supergripper";"3";"84.0";"7";"";"";"";"";""
"105";"2024-05-04 22:35:08";"Gripper #31";"1452";"Supergripper";"4";"85.0";"5";"";"";"";"";""
"105";"2024-05-04 22:35:08";"Gripper #31";"1452";"Supergripper";"5";"86.0";"6";"";"";"";"";""
"105";"2024-05-04 22:35:08";"Gripper #31";"1452";"Hand Gripper";"D";"68.0";"15";"";"";"";"";""
"105";"2024-05-04 22:35:08";"Gripper #31";"1452";"Hand Gripper";"D";"45.0";"20";"";"";"";"";""
"106";"2024-05-05 15:47:46";"Karhu 1.0.A #13";"4441";"Hang Snatch (Barbell)";"1";"30.0";"1";"";"";"";"";""
"106";"2024-05-05 15:47:46";"Karhu 1.0.A #13";"4441";"Hang Snatch (Barbell)";"2";"40.0";"1";"";"";"";"";""
"106";"2024-05-05 15:47:46";"Karhu 1.0.A #13";"4441";"Hang Snatch (Barbell)";"3";"50.0";"1";"";"";"";"";""
"106";"2024-05-05 15:47:46";"Karhu 1.0.A #13";"4441";"Squat (Barbell)";"1";"114.0";"5";"";"";"";"";""
"106";"2024-05-05 15:47:46";"Karhu 1.0.A #13";"4441";"Squat (Barbell)";"2";"114.0";"5";"";"";"";"";""
"106";"2024-05-05 15:47:46";"Karhu 1.0.A #13";"4441";"Squat (Barbell)";"3";"114.0";"5";"";"";"";"";""
"106";"2024-05-05 15:47:46";"Karhu 1.0.A #13";"4441";"Squat (Barbell)";"4";"114.0";"5";"";"";"";"";""
"106";"2024-05-05 15:47:46";"Karhu 1.0.A #13";"4441";"Squat (Barbell)";"5";"114.0";"8";"";"";"";"";""
"106";"2024-05-05 15:47:46";"Karhu 1.0.A #13";"4441";"Hang Clean (Barbell)";"1";"50.0";"1";"";"";"";"";""
"106";"2024-05-05 15:47:46";"Karhu 1.0.A #13";"4441";"Hang Clean (Barbell)";"2";"60.0";"1";"";"";"";"";""
"106";"2024-05-05 15:47:46";"Karhu 1.0.A #13";"4441";"Split Jerk (Barbell)";"1";"50.0";"1";"";"";"";"";""
"106";"2024-05-05 15:47:46";"Karhu 1.0.A #13";"4441";"Split Jerk (Barbell)";"2";"60.0";"1";"";"";"";"";""
"106";"2024-05-05 15:47:46";"Karhu 1.0.A #13";"4441";"Bench Press (Barbell)";"1";"98.0";"5";"";"";"";"";""
"106";"2024-05-05 15:47:46";"Karhu 1.0.A #13";"4441";"Bench Press (Barbell)";"2";"98.0";"5";"";"";"";"";""
"106";"2024-05-05 15:47:46";"Karhu 1.0.A #13";"4441";"Bench Press (Barbell)";"3";"98.0";"5";"";"";"";"";""
"106";"2024-05-05 15:47:46";"Karhu 1.0.A #13";"4441";"Bench Press (Barbell)";"4";"98.0";"5";"";"";"";"";""
"106";"2024-05-05 15:47:46";"Karhu 1.0.A #13";"4441";"Bench Press (Barbell)";"5";"98.0";"6";"";"";"";"";""
"106";"2024-05-05 15:47:46";"Karhu 1.0.A #13";"4441";"Jefferson Curl";"1";"80.0";"5";"";"";"";"";""
"106";"2024-05-05 15:47:46";"Karhu 1.0.A #13";"4441";"Jefferson Curl";"2";"80.0";"5";"";"";"";"";""
"106";"2024-05-05 15:47:46";"Karhu 1.0.A #13";"4441";"Jefferson Curl";"3";"80.0";"5";"";"";"";"";""
"106";"2024-05-05 15:47:46";"Karhu 1.0.A #13";"4441";"Side Bend (Dumbbell)";"1";"80.0";"5";"";"";"";"";""
"106";"2024-05-05 15:47:46";"Karhu 1.0.A #13";"4441";"Side Bend (Dumbbell)";"2";"80.0";"5";"";"";"";"";""
"106";"2024-05-05 15:47:46";"Karhu 1.0.A #13";"4441";"Side Bend (Dumbbell)";"3";"80.0";"5";"";"";"";"";""
"106";"2024-05-05 15:47:46";"Karhu 1.0.A #13";"4441";"Bicep Curl (Barbell)";"1";"54.0";"6";"";"";"";"";""
"106";"2024-05-05 15:47:46";"Karhu 1.0.A #13";"4441";"Bicep Curl (Barbell)";"2";"54.0";"4";"";"";"";"";""
"106";"2024-05-05 15:47:46";"Karhu 1.0.A #13";"4441";"Bicep Curl (Barbell)";"3";"54.0";"2";"";"";"";"";""
"106";"2024-05-05 15:47:46";"Karhu 1.0.A #13";"4441";"Upright Row (Barbell)";"1";"54.0";"10";"";"";"";"";""
"106";"2024-05-05 15:47:46";"Karhu 1.0.A #13";"4441";"Upright Row (Barbell)";"2";"54.0";"6";"";"";"";"";""
"106";"2024-05-05 15:47:46";"Karhu 1.0.A #13";"4441";"Upright Row (Barbell)";"3";"54.0";"5";"";"";"";"";""
"107";"2024-05-06 17:25:30";"Fighter Pullup Challenge #40";"1247";"Pull Up";"1";"0.0";"12";"";"";"";"";""
"107";"2024-05-06 17:25:30";"Fighter Pullup Challenge #40";"1247";"Pull Up";"2";"0.0";"12";"";"";"";"";""
"107";"2024-05-06 17:25:30";"Fighter Pullup Challenge #40";"1247";"Pull Up";"3";"0.0";"12";"";"";"";"";""
"107";"2024-05-06 17:25:30";"Fighter Pullup Challenge #40";"1247";"Pull Up";"4";"0.0";"8";"";"";"";"";""
"107";"2024-05-06 17:25:30";"Fighter Pullup Challenge #40";"1247";"Pull Up";"5";"0.0";"8";"";"";"";"";""
"108";"2024-05-06 21:16:46";"Gripper #32";"2028";"Supergripper";"1";"86.0";"6";"";"";"";"";""
"108";"2024-05-06 21:16:46";"Gripper #32";"2028";"Supergripper";"2";"86.0";"7";"";"";"";"";""
"108";"2024-05-06 21:16:46";"Gripper #32";"2028";"Supergripper";"3";"88.0";"5";"";"";"";"";""
"108";"2024-05-06 21:16:46";"Gripper #32";"2028";"Supergripper";"4";"90.0";"6";"";"";"";"";""
"108";"2024-05-06 21:16:46";"Gripper #32";"2028";"Supergripper";"5";"92.0";"3";"";"";"";"";""
"108";"2024-05-06 21:16:46";"Gripper #32";"2028";"Hand Gripper";"D";"68.0";"20";"";"";"";"";""
"108";"2024-05-06 21:16:46";"Gripper #32";"2028";"Hand Gripper";"D";"45.0";"20";"";"";"";"";""
"109";"2024-05-08 21:28:03";"Upper BW #3";"1196";"Ring Dip";"1";"0.0";"12";"";"";"";"";""
"109";"2024-05-08 21:28:03";"Upper BW #3";"1196";"Ring Dip";"2";"0.0";"10";"";"";"";"";""
"109";"2024-05-08 21:28:03";"Upper BW #3";"1196";"Ring Dip";"3";"0.0";"10";"";"";"";"";""
"109";"2024-05-08 21:28:03";"Upper BW #3";"1196";"Bent Over Row (Dumbbell)";"1";"48.0";"15";"";"";"";"";""
"109";"2024-05-08 21:28:03";"Upper BW #3";"1196";"Bent Over Row (Dumbbell)";"2";"48.0";"10";"";"";"";"";""
"109";"2024-05-08 21:28:03";"Upper BW #3";"1196";"Bent Over Row (Dumbbell)";"3";"48.0";"10";"";"";"";"";""
"109";"2024-05-08 21:28:03";"Upper BW #3";"1196";"Overhead Press (Dumbbell)";"1";"48.0";"7";"";"";"";"";""
"109";"2024-05-08 21:28:03";"Upper BW #3";"1196";"Overhead Press (Dumbbell)";"2";"48.0";"6";"";"";"";"";""
"109";"2024-05-08 21:28:03";"Upper BW #3";"1196";"Overhead Press (Dumbbell)";"3";"48.0";"5";"";"";"";"";""
"109";"2024-05-08 21:28:03";"Upper BW #3";"1196";"Upright Row (Dumbbell)";"1";"48.0";"8";"";"";"";"";""
"109";"2024-05-08 21:28:03";"Upper BW #3";"1196";"Upright Row (Dumbbell)";"2";"48.0";"6";"";"";"";"";""
"109";"2024-05-08 21:28:03";"Upper BW #3";"1196";"Upright Row (Dumbbell)";"3";"48.0";"6";"";"";"";"";""
"110";"2024-05-09 18:50:56";"Karhu 1.0.B #14";"4754";"Power Snatch (Barbell)";"1";"40.0";"1";"";"";"";"";""
"110";"2024-05-09 18:50:56";"Karhu 1.0.B #14";"4754";"Power Snatch (Barbell)";"2";"50.0";"1";"";"";"";"";""
"110";"2024-05-09 18:50:56";"Karhu 1.0.B #14";"4754";"Power Snatch (Barbell)";"3";"60.0";"1";"";"";"";"";""
"110";"2024-05-09 18:50:56";"Karhu 1.0.B #14";"4754";"Power Clean";"1";"70.0";"1";"";"";"";"";""
"110";"2024-05-09 18:50:56";"Karhu 1.0.B #14";"4754";"Power Clean";"2";"80.0";"1";"";"";"";"";""
"110";"2024-05-09 18:50:56";"Karhu 1.0.B #14";"4754";"Power Clean";"3";"80.0";"1";"";"";"";"";""
"110";"2024-05-09 18:50:56";"Karhu 1.0.B #14";"4754";"Split Jerk (Barbell)";"1";"70.0";"1";"";"";"";"";""
"110";"2024-05-09 18:50:56";"Karhu 1.0.B #14";"4754";"Split Jerk (Barbell)";"2";"80.0";"1";"";"";"";"";""
"110";"2024-05-09 18:50:56";"Karhu 1.0.B #14";"4754";"Split Jerk (Barbell)";"3";"80.0";"1";"";"";"";"";""
"110";"2024-05-09 18:50:56";"Karhu 1.0.B #14";"4754";"Deadlift (Barbell)";"1";"152.0";"3";"";"";"";"";""
"110";"2024-05-09 18:50:56";"Karhu 1.0.B #14";"4754";"Deadlift (Barbell)";"2";"152.0";"3";"";"";"";"";""
"110";"2024-05-09 18:50:56";"Karhu 1.0.B #14";"4754";"Deadlift (Barbell)";"3";"152.0";"3";"";"";"";"";""
"110";"2024-05-09 18:50:56";"Karhu 1.0.B #14";"4754";"Deadlift (Barbell)";"4";"152.0";"3";"";"";"";"";""
"110";"2024-05-09 18:50:56";"Karhu 1.0.B #14";"4754";"Deadlift (Barbell)";"5";"152.0";"5";"";"";"";"";""
"110";"2024-05-09 18:50:56";"Karhu 1.0.B #14";"4754";"Overhead Press (Barbell)";"1";"60.0";"5";"";"";"";"";""
"110";"2024-05-09 18:50:56";"Karhu 1.0.B #14";"4754";"Overhead Press (Barbell)";"2";"60.0";"5";"";"";"";"";""
"110";"2024-05-09 18:50:56";"Karhu 1.0.B #14";"4754";"Overhead Press (Barbell)";"3";"60.0";"5";"";"";"";"";""
"110";"2024-05-09 18:50:56";"Karhu 1.0.B #14";"4754";"Overhead Press (Barbell)";"4";"60.0";"5";"";"";"";"";""
"110";"2024-05-09 18:50:56";"Karhu 1.0.B #14";"4754";"Overhead Press (Barbell)";"5";"60.0";"7";"";"";"";"";""
"110";"2024-05-09 18:50:56";"Karhu 1.0.B #14";"4754";"Jefferson Curl";"1";"82.0";"5";"";"";"";"";""
"110";"2024-05-09 18:50:56";"Karhu 1.0.B #14";"4754";"Jefferson Curl";"2";"82.0";"5";"";"";"";"";""
"110";"2024-05-09 18:50:56";"Karhu 1.0.B #14";"4754";"Jefferson Curl";"3";"82.0";"5";"";"";"";"";""
"110";"2024-05-09 18:50:56";"Karhu 1.0.B #14";"4754";"Side Bend (Dumbbell)";"1";"82.0";"5";"";"";"";"";""
"110";"2024-05-09 18:50:56";"Karhu 1.0.B #14";"4754";"Side Bend (Dumbbell)";"2";"82.0";"5";"";"";"";"";""
"110";"2024-05-09 18:50:56";"Karhu 1.0.B #14";"4754";"Side Bend (Dumbbell)";"3";"82.0";"5";"";"";"";"";""
"110";"2024-05-09 18:50:56";"Karhu 1.0.B #14";"4754";"Bicep Curl (Barbell)";"1";"54.0";"6";"";"";"";"";""
"110";"2024-05-09 18:50:56";"Karhu 1.0.B #14";"4754";"Bicep Curl (Barbell)";"2";"54.0";"3";"";"";"";"";""
"110";"2024-05-09 18:50:56";"Karhu 1.0.B #14";"4754";"Bicep Curl (Barbell)";"3";"54.0";"3";"";"";"";"";""
"110";"2024-05-09 18:50:56";"Karhu 1.0.B #14";"4754";"Upright Row (Barbell)";"1";"54.0";"7";"";"";"";"";""
"110";"2024-05-09 18:50:56";"Karhu 1.0.B #14";"4754";"Upright Row (Barbell)";"2";"54.0";"5";"";"";"";"";""
"110";"2024-05-09 18:50:56";"Karhu 1.0.B #14";"4754";"Upright Row (Barbell)";"3";"54.0";"5";"";"";"";"";""
"111";"2024-05-11 21:09:03";"Pull ups and dips #41";"1389";"Ring Dip";"1";"0.0";"10";"";"";"";"";""
"111";"2024-05-11 21:09:03";"Pull ups and dips #41";"1389";"Ring Dip";"2";"0.0";"5";"";"";"";"";""
"111";"2024-05-11 21:09:03";"Pull ups and dips #41";"1389";"Ring Dip";"3";"0.0";"5";"";"";"";"";""
"111";"2024-05-11 21:09:03";"Pull ups and dips #41";"1389";"Ring Dip";"4";"0.0";"5";"";"";"";"";""
"111";"2024-05-11 21:09:03";"Pull ups and dips #41";"1389";"Ring Dip";"5";"0.0";"6";"";"";"";"";""
"111";"2024-05-11 21:09:03";"Pull ups and dips #41";"1389";"Ring Dip";"6";"0.0";"4";"";"";"";"";""
"111";"2024-05-11 21:09:03";"Pull ups and dips #41";"1389";"Ring Dip";"7";"0.0";"4";"";"";"";"";""
"111";"2024-05-11 21:09:03";"Pull ups and dips #41";"1389";"Ring Dip";"8";"0.0";"6";"";"";"";"";""
"111";"2024-05-11 21:09:03";"Pull ups and dips #41";"1389";"Ring Dip";"9";"0.0";"10";"";"";"";"";""
"111";"2024-05-11 21:09:03";"Pull ups and dips #41";"1389";"Ring Dip";"10";"0.0";"5";"";"";"";"";""
"111";"2024-05-11 21:09:03";"Pull ups and dips #41";"1389";"Pull Up";"1";"0.0";"20";"";"";"";"";""
"111";"2024-05-11 21:09:03";"Pull ups and dips #41";"1389";"Pull Up";"2";"0.0";"5";"";"";"";"";""
"111";"2024-05-11 21:09:03";"Pull ups and dips #41";"1389";"Pull Up";"3";"0.0";"10";"";"";"";"";""
"111";"2024-05-11 21:09:03";"Pull ups and dips #41";"1389";"Pull Up";"4";"0.0";"6";"";"";"";"";""
"111";"2024-05-11 21:09:03";"Pull ups and dips #41";"1389";"Pull Up";"5";"0.0";"4";"";"";"";"";""
"111";"2024-05-11 21:09:03";"Pull ups and dips #41";"1389";"Pull Up";"6";"0.0";"7";"";"";"";"";""
"111";"2024-05-11 21:09:03";"Pull ups and dips #41";"1389";"Pull Up";"7";"0.0";"3";"";"";"";"";""
"111";"2024-05-11 21:09:03";"Pull ups and dips #41";"1389";"Pull Up";"8";"0.0";"10";"";"";"";"";""
"111";"2024-05-11 21:09:03";"Pull ups and dips #41";"1389";"Pull Up";"9";"0.0";"5";"";"";"";"";""
"112";"2024-05-12 21:43:37";"Upper BW #4";"2533";"Overhead Press (Dumbbell)";"1";"48.0";"10";"";"";"";"";""
"112";"2024-05-12 21:43:37";"Upper BW #4";"2533";"Overhead Press (Dumbbell)";"2";"48.0";"5";"";"";"";"";""
"112";"2024-05-12 21:43:37";"Upper BW #4";"2533";"Overhead Press (Dumbbell)";"3";"48.0";"5";"";"";"";"";""
"112";"2024-05-12 21:43:37";"Upper BW #4";"2533";"Overhead Press (Dumbbell)";"4";"48.0";"5";"";"";"";"";""
"112";"2024-05-12 21:43:37";"Upper BW #4";"2533";"Overhead Press (Dumbbell)";"5";"48.0";"5";"";"";"";"";""
"112";"2024-05-12 21:43:37";"Upper BW #4";"2533";"Overhead Press (Dumbbell)";"6";"48.0";"5";"";"";"";"";""
"112";"2024-05-12 21:43:37";"Upper BW #4";"2533";"Overhead Press (Dumbbell)";"7";"48.0";"5";"";"";"";"";""
"112";"2024-05-12 21:43:37";"Upper BW #4";"2533";"Overhead Press (Dumbbell)";"8";"48.0";"5";"";"";"";"";""
"112";"2024-05-12 21:43:37";"Upper BW #4";"2533";"Overhead Press (Dumbbell)";"9";"48.0";"5";"";"";"";"";""
"112";"2024-05-12 21:43:37";"Upper BW #4";"2533";"Overhead Press (Dumbbell)";"10";"48.0";"5";"";"";"";"";""
"112";"2024-05-12 21:43:37";"Upper BW #4";"2533";"Upright Row (Dumbbell)";"1";"48.0";"5";"";"";"";"";""
"112";"2024-05-12 21:43:37";"Upper BW #4";"2533";"Upright Row (Dumbbell)";"2";"48.0";"5";"";"";"";"";""
"112";"2024-05-12 21:43:37";"Upper BW #4";"2533";"Upright Row (Dumbbell)";"3";"48.0";"5";"";"";"";"";""
"112";"2024-05-12 21:43:37";"Upper BW #4";"2533";"Upright Row (Dumbbell)";"4";"48.0";"5";"";"";"";"";""
"112";"2024-05-12 21:43:37";"Upper BW #4";"2533";"Upright Row (Dumbbell)";"5";"48.0";"5";"";"";"";"";""
"112";"2024-05-12 21:43:37";"Upper BW #4";"2533";"Upright Row (Dumbbell)";"6";"48.0";"5";"";"";"";"";""
"112";"2024-05-12 21:43:37";"Upper BW #4";"2533";"Upright Row (Dumbbell)";"7";"48.0";"5";"";"";"";"";""
"112";"2024-05-12 21:43:37";"Upper BW #4";"2533";"Upright Row (Dumbbell)";"8";"48.0";"5";"";"";"";"";""
"112";"2024-05-12 21:43:37";"Upper BW #4";"2533";"Upright Row (Dumbbell)";"9";"48.0";"5";"";"";"";"";""
"112";"2024-05-12 21:43:37";"Upper BW #4";"2533";"Upright Row (Dumbbell)";"10";"48.0";"5";"";"";"";"";""
"112";"2024-05-12 21:43:37";"Upper BW #4";"2533";"Bent Over Row (Dumbbell)";"1";"48.0";"10";"";"";"";"";""
"112";"2024-05-12 21:43:37";"Upper BW #4";"2533";"Bent Over Row (Dumbbell)";"2";"48.0";"10";"";"";"";"";""
"112";"2024-05-12 21:43:37";"Upper BW #4";"2533";"Bent Over Row (Dumbbell)";"3";"48.0";"10";"";"";"";"";""
"112";"2024-05-12 21:43:37";"Upper BW #4";"2533";"Bent Over Row (Dumbbell)";"4";"48.0";"10";"";"";"";"";""
"112";"2024-05-12 21:43:37";"Upper BW #4";"2533";"Bent Over Row (Dumbbell)";"5";"48.0";"10";"";"";"";"";""
"112";"2024-05-12 21:43:37";"Upper BW #4";"2533";"Bent Over Row (Dumbbell)";"6";"48.0";"10";"";"";"";"";""
"112";"2024-05-12 21:43:37";"Upper BW #4";"2533";"Bent Over Row (Dumbbell)";"7";"48.0";"10";"";"";"";"";""
"112";"2024-05-12 21:43:37";"Upper BW #4";"2533";"Bent Over Row (Dumbbell)";"8";"48.0";"10";"";"";"";"";""
"112";"2024-05-12 21:43:37";"Upper BW #4";"2533";"Bent Over Row (Dumbbell)";"9";"48.0";"10";"";"";"";"";""
"112";"2024-05-12 21:43:37";"Upper BW #4";"2533";"Bent Over Row (Dumbbell)";"10";"48.0";"10";"";"";"";"";""
"113";"2024-05-16 19:04:30";"Karhu 1.0.C #15";"4852";"Power Snatch (Barbell)";"1";"30.0";"1";"";"";"";"";""
"113";"2024-05-16 19:04:30";"Karhu 1.0.C #15";"4852";"Power Snatch (Barbell)";"2";"40.0";"1";"";"";"";"";""
"113";"2024-05-16 19:04:30";"Karhu 1.0.C #15";"4852";"Power Snatch (Barbell)";"3";"50.0";"1";"";"";"";"";""
"113";"2024-05-16 19:04:30";"Karhu 1.0.C #15";"4852";"Power Clean";"1";"50.0";"1";"";"";"";"";""
"113";"2024-05-16 19:04:30";"Karhu 1.0.C #15";"4852";"Power Clean";"2";"60.0";"1";"";"";"";"";""
"113";"2024-05-16 19:04:30";"Karhu 1.0.C #15";"4852";"Power Clean";"3";"74.0";"1";"";"";"";"";""
"113";"2024-05-16 19:04:30";"Karhu 1.0.C #15";"4852";"Front Squat (Barbell)";"1";"92.0";"5";"";"";"";"";""
"113";"2024-05-16 19:04:30";"Karhu 1.0.C #15";"4852";"Front Squat (Barbell)";"2";"92.0";"5";"";"";"";"";""
"113";"2024-05-16 19:04:30";"Karhu 1.0.C #15";"4852";"Front Squat (Barbell)";"3";"92.0";"5";"";"";"";"";""
"113";"2024-05-16 19:04:30";"Karhu 1.0.C #15";"4852";"Front Squat (Barbell)";"4";"92.0";"5";"";"";"";"";""
"113";"2024-05-16 19:04:30";"Karhu 1.0.C #15";"4852";"Front Squat (Barbell)";"5";"92.0";"5";"";"";"";"";""
"113";"2024-05-16 19:04:30";"Karhu 1.0.C #15";"4852";"Push Press";"1";"74.0";"5";"";"";"";"";""
"113";"2024-05-16 19:04:30";"Karhu 1.0.C #15";"4852";"Push Press";"2";"74.0";"5";"";"";"";"";""
"113";"2024-05-16 19:04:30";"Karhu 1.0.C #15";"4852";"Push Press";"3";"74.0";"5";"";"";"";"";""
"113";"2024-05-16 19:04:30";"Karhu 1.0.C #15";"4852";"Push Press";"4";"74.0";"4";"";"";"";"";""
"113";"2024-05-16 19:04:30";"Karhu 1.0.C #15";"4852";"Push Press";"5";"74.0";"3";"";"";"";"";""
"113";"2024-05-16 19:04:30";"Karhu 1.0.C #15";"4852";"Jefferson Curl";"1";"84.0";"5";"";"";"";"";""
"113";"2024-05-16 19:04:30";"Karhu 1.0.C #15";"4852";"Jefferson Curl";"2";"84.0";"5";"";"";"";"";""
"113";"2024-05-16 19:04:30";"Karhu 1.0.C #15";"4852";"Jefferson Curl";"3";"84.0";"5";"";"";"";"";""
"113";"2024-05-16 19:04:30";"Karhu 1.0.C #15";"4852";"Side Bend (Dumbbell)";"1";"84.0";"5";"";"";"";"";""
"113";"2024-05-16 19:04:30";"Karhu 1.0.C #15";"4852";"Side Bend (Dumbbell)";"2";"84.0";"1";"";"";"";"";""
"113";"2024-05-16 19:04:30";"Karhu 1.0.C #15";"4852";"Side Bend (Dumbbell)";"3";"84.0";"2";"";"";"";"";""
"113";"2024-05-16 19:04:30";"Karhu 1.0.C #15";"4852";"Bicep Curl (Barbell)";"1";"50.0";"6";"";"";"";"";""
"113";"2024-05-16 19:04:30";"Karhu 1.0.C #15";"4852";"Bicep Curl (Barbell)";"2";"50.0";"4";"";"";"";"";""
"113";"2024-05-16 19:04:30";"Karhu 1.0.C #15";"4852";"Bicep Curl (Barbell)";"3";"50.0";"4";"";"";"";"";""
"113";"2024-05-16 19:04:30";"Karhu 1.0.C #15";"4852";"Upright Row (Barbell)";"1";"50.0";"5";"";"";"";"";""
"113";"2024-05-16 19:04:30";"Karhu 1.0.C #15";"4852";"Upright Row (Barbell)";"2";"50.0";"6";"";"";"";"";""
"113";"2024-05-16 19:04:30";"Karhu 1.0.C #15";"4852";"Upright Row (Barbell)";"3";"50.0";"5";"";"";"";"";""
"114";"2024-05-20 21:35:03";"Pull ups #42";"32";"Pull Up";"1";"0.0";"12";"";"";"";"";""
"114";"2024-05-20 21:35:03";"Pull ups #42";"32";"Pull Up";"2";"0.0";"10";"";"";"";"";""
"114";"2024-05-20 21:35:03";"Pull ups #42";"32";"Pull Up";"3";"0.0";"12";"";"";"";"";""
"114";"2024-05-20 21:35:03";"Pull ups #42";"32";"Pull Up";"4";"0.0";"10";"";"";"";"";""
"114";"2024-05-20 21:35:03";"Pull ups #42";"32";"Pull Up";"5";"0.0";"22";"";"";"";"";""
"115";"2024-05-24 23:11:00";"Pull ups and MP #42";"2880";"Pull Up";"1";"0.0";"10";"";"";"";"";""
"115";"2024-05-24 23:11:00";"Pull ups and MP #42";"2880";"Pull Up";"2";"0.0";"10";"";"";"";"";""
"115";"2024-05-24 23:11:00";"Pull ups and MP #42";"2880";"Pull Up";"3";"0.0";"10";"";"";"";"";""
"115";"2024-05-24 23:11:00";"Pull ups and MP #42";"2880";"Pull Up";"4";"0.0";"10";"";"";"";"";""
"115";"2024-05-24 23:11:00";"Pull ups and MP #42";"2880";"Pull Up";"5";"0.0";"10";"";"";"";"";""
"115";"2024-05-24 23:11:00";"Pull ups and MP #42";"2880";"Pull Up";"6";"0.0";"5";"";"";"";"";""
"115";"2024-05-24 23:11:00";"Pull ups and MP #42";"2880";"Pull Up";"7";"0.0";"5";"";"";"";"";""
"115";"2024-05-24 23:11:00";"Pull ups and MP #42";"2880";"Pull Up";"8";"0.0";"5";"";"";"";"";""
"115";"2024-05-24 23:11:00";"Pull ups and MP #42";"2880";"Pull Up";"9";"0.0";"5";"";"";"";"";""
"115";"2024-05-24 23:11:00";"Pull ups and MP #42";"2880";"Pull Up";"10";"0.0";"5";"";"";"";"";""
"115";"2024-05-24 23:11:00";"Pull ups and MP #42";"2880";"Pull Up";"11";"0.0";"5";"";"";"";"";""
"115";"2024-05-24 23:11:00";"Pull ups and MP #42";"2880";"Pull Up";"12";"0.0";"5";"";"";"";"";""
"115";"2024-05-24 23:11:00";"Pull ups and MP #42";"2880";"Pull Up";"13";"0.0";"5";"";"";"";"";""
"115";"2024-05-24 23:11:00";"Pull ups and MP #42";"2880";"Pull Up";"14";"0.0";"5";"";"";"";"";""
"115";"2024-05-24 23:11:00";"Pull ups and MP #42";"2880";"Pull Up";"15";"0.0";"5";"";"";"";"";""
"115";"2024-05-24 23:11:00";"Pull ups and MP #42";"2880";"Overhead Press (Dumbbell)";"1";"48.0";"5";"";"";"";"";""
"115";"2024-05-24 23:11:00";"Pull ups and MP #42";"2880";"Overhead Press (Dumbbell)";"2";"48.0";"5";"";"";"";"";""
"115";"2024-05-24 23:11:00";"Pull ups and MP #42";"2880";"Overhead Press (Dumbbell)";"3";"48.0";"5";"";"";"";"";""
"115";"2024-05-24 23:11:00";"Pull ups and MP #42";"2880";"Overhead Press (Dumbbell)";"4";"48.0";"5";"";"";"";"";""
"115";"2024-05-24 23:11:00";"Pull ups and MP #42";"2880";"Overhead Press (Dumbbell)";"5";"48.0";"5";"";"";"";"";""
"115";"2024-05-24 23:11:00";"Pull ups and MP #42";"2880";"Overhead Press (Dumbbell)";"6";"48.0";"5";"";"";"";"";""
"115";"2024-05-24 23:11:00";"Pull ups and MP #42";"2880";"Overhead Press (Dumbbell)";"7";"48.0";"5";"";"";"";"";""
"115";"2024-05-24 23:11:00";"Pull ups and MP #42";"2880";"Overhead Press (Dumbbell)";"8";"48.0";"5";"";"";"";"";""
"115";"2024-05-24 23:11:00";"Pull ups and MP #42";"2880";"Overhead Press (Dumbbell)";"9";"48.0";"5";"";"";"";"";""
"115";"2024-05-24 23:11:00";"Pull ups and MP #42";"2880";"Overhead Press (Dumbbell)";"10";"48.0";"5";"";"";"";"";""
"115";"2024-05-24 23:11:00";"Pull ups and MP #42";"2880";"Overhead Press (Dumbbell)";"11";"48.0";"5";"";"";"";"";""
"115";"2024-05-24 23:11:00";"Pull ups and MP #42";"2880";"Overhead Press (Dumbbell)";"12";"48.0";"5";"";"";"";"";""
"115";"2024-05-24 23:11:00";"Pull ups and MP #42";"2880";"Overhead Press (Dumbbell)";"13";"48.0";"5";"";"";"";"";""
"115";"2024-05-24 23:11:00";"Pull ups and MP #42";"2880";"Overhead Press (Dumbbell)";"14";"48.0";"5";"";"";"";"";""
"115";"2024-05-24 23:11:00";"Pull ups and MP #42";"2880";"Overhead Press (Dumbbell)";"15";"48.0";"5";"";"";"";"";""
"116";"2024-06-09 19:42:04";"minimal #1";"2537";"Front Squat (Barbell)";"W";"54.0";"5";"";"";"";"";""
"116";"2024-06-09 19:42:04";"minimal #1";"2537";"Front Squat (Barbell)";"1";"76.0";"5";"";"";"";"";""
"116";"2024-06-09 19:42:04";"minimal #1";"2537";"Front Squat (Barbell)";"2";"86.0";"5";"";"";"";"";""
"116";"2024-06-09 19:42:04";"minimal #1";"2537";"Front Squat (Barbell)";"3";"86.0";"5";"";"";"";"";""
"116";"2024-06-09 19:42:04";"minimal #1";"2537";"Front Squat (Barbell)";"4";"86.0";"5";"";"";"";"";""
"116";"2024-06-09 19:42:04";"minimal #1";"2537";"Front Squat (Barbell)";"5";"86.0";"5";"";"";"";"";""
"116";"2024-06-09 19:42:04";"minimal #1";"2537";"Bench Press (Barbell)";"1";"74.0";"5";"";"";"";"";""
"116";"2024-06-09 19:42:04";"minimal #1";"2537";"Bench Press (Barbell)";"2";"84.0";"5";"";"";"";"";""
"116";"2024-06-09 19:42:04";"minimal #1";"2537";"Bench Press (Barbell)";"3";"94.0";"5";"";"";"";"";""
"116";"2024-06-09 19:42:04";"minimal #1";"2537";"Bench Press (Barbell)";"4";"94.0";"5";"";"";"";"";""
"116";"2024-06-09 19:42:04";"minimal #1";"2537";"Bench Press (Barbell)";"5";"94.0";"5";"";"";"";"";""
"116";"2024-06-09 19:42:04";"minimal #1";"2537";"Chin Up";"1";"0.0";"10";"";"";"";"";""
"116";"2024-06-09 19:42:04";"minimal #1";"2537";"Chin Up";"2";"32.0";"2";"";"";"";"";""
"116";"2024-06-09 19:42:04";"minimal #1";"2537";"Chin Up";"3";"32.0";"1";"";"";"";"";""
"117";"2024-06-12 19:05:57";"minimal #2";"2565";"Power Clean";"1";"50.0";"5";"";"";"";"";""
"117";"2024-06-12 19:05:57";"minimal #2";"2565";"Power Clean";"2";"70.0";"5";"";"";"";"";""
"117";"2024-06-12 19:05:57";"minimal #2";"2565";"Power Clean";"3";"70.0";"5";"";"";"";"";""
"117";"2024-06-12 19:05:57";"minimal #2";"2565";"Power Clean";"4";"70.0";"5";"";"";"";"";""
"117";"2024-06-12 19:05:57";"minimal #2";"2565";"Power Clean";"5";"70.0";"5";"";"";"";"";""
"117";"2024-06-12 19:05:57";"minimal #2";"2565";"Bench Press (Barbell)";"1";"50.0";"20";"";"";"";"";""
"117";"2024-06-12 19:05:57";"minimal #2";"2565";"Bench Press (Barbell)";"2";"100.0";"5";"";"";"";"";""
"117";"2024-06-12 19:05:57";"minimal #2";"2565";"Bench Press (Barbell)";"3";"100.0";"4";"";"";"";"";""
"117";"2024-06-12 19:05:57";"minimal #2";"2565";"Bench Press (Barbell)";"4";"86.0";"8";"";"";"";"";""
"117";"2024-06-12 19:05:57";"minimal #2";"2565";"Bench Press (Barbell)";"5";"76.0";"10";"";"";"";"";""
"117";"2024-06-12 19:05:57";"minimal #2";"2565";"Bicep Curl (Barbell)";"1";"46.0";"7";"";"";"";"";""
"117";"2024-06-12 19:05:57";"minimal #2";"2565";"Bicep Curl (Barbell)";"2";"46.0";"6";"";"";"";"";""
"117";"2024-06-12 19:05:57";"minimal #2";"2565";"Bicep Curl (Barbell)";"3";"46.0";"5";"";"";"";"";""
"117";"2024-06-12 19:05:57";"minimal #2";"2565";"Bicep Curl (Barbell)";"4";"46.0";"4";"";"";"";"";""
"117";"2024-06-12 19:05:57";"minimal #2";"2565";"Bicep Curl (Barbell)";"5";"46.0";"4";"";"";"";"";""
"117";"2024-06-12 19:05:57";"minimal #2";"2565";"Front Squat (Barbell)";"1";"80.0";"8";"";"";"";"";""
"118";"2024-06-29 19:33:11";"minimal A #3";"2505";"Front Squat (Barbell)";"W";"56.0";"1";"";"";"";"";""
"118";"2024-06-29 19:33:11";"minimal A #3";"2505";"Front Squat (Barbell)";"1";"96.0";"3";"";"";"";"";""
"118";"2024-06-29 19:33:11";"minimal A #3";"2505";"Front Squat (Barbell)";"2";"106.0";"1";"";"";"";"";""
"118";"2024-06-29 19:33:11";"minimal A #3";"2505";"Front Squat (Barbell)";"3";"116.0";"1";"";"";"";"";""
"118";"2024-06-29 19:33:11";"minimal A #3";"2505";"Squat (Barbell)";"1";"126.0";"3";"";"";"";"";""
"118";"2024-06-29 19:33:11";"minimal A #3";"2505";"Squat (Barbell)";"2";"136.0";"1";"";"";"";"";""
"118";"2024-06-29 19:33:11";"minimal A #3";"2505";"Bench Press (Barbell)";"1";"56.0";"10";"";"";"";"";""
"118";"2024-06-29 19:33:11";"minimal A #3";"2505";"Bench Press (Barbell)";"2";"86.0";"5";"";"";"";"";""
"118";"2024-06-29 19:33:11";"minimal A #3";"2505";"Bench Press (Barbell)";"3";"96.0";"3";"";"";"";"";""
"118";"2024-06-29 19:33:11";"minimal A #3";"2505";"Bench Press (Barbell)";"4";"106.0";"3";"";"";"";"";""
"118";"2024-06-29 19:33:11";"minimal A #3";"2505";"Bench Press (Barbell)";"5";"120.0";"1";"";"";"";"";""
